"Time","Operation","Transfer(MKR)","Stake(MKR)","Executive/Poll","Options","Deci-sive"
"2021-05-23 13:03:18 012490678_056_000_1","VOTE","","17,000.00","Parameter Changes and Oracle Updates - May 14, 2021","","YES"
"2021-05-23 13:03:18 012490678_056_000_0","MOVE VOTE","","17,000.00","System Surplus Buffer Increase and Burn, Parameter Changes, YFI-A Addition to Liquidations 2.0 - April 23, 2021","",""
"2021-05-03 16:00:00 012362182_000_000","FINAL_CHOICE","","17,000.00","Community Greenlight Poll - UNI-V2-DAI-PAX (Uniswap V2 DAI-PAX LP Token) - April 19, 2021","Yes (Greenlight)",""
"2021-05-03 16:00:00 012362182_000_000","FINAL_CHOICE","","17,000.00","Community Greenlight Poll - MCO2 (Moss Carbon Credit) - April 19, 2021","Abstain",""
"2021-05-03 16:00:00 012362182_000_000","FINAL_CHOICE","","17,000.00","Community Greenlight Poll - bBADGER (Badger Sett Badger) - April 19, 2021","Abstain",""
"2021-05-03 16:00:00 012362182_000_000","FINAL_CHOICE","","17,000.00","Community Greenlight Poll - UNI-V2-GUSD-DAI (Uniswap V2 GUSD-DAI LP Token) - April 19, 2021","Yes (Greenlight)",""
"2021-05-03 16:00:00 012362182_000_000","FINAL_CHOICE","","17,000.00","Community Greenlight Poll - rETH (Rocket Pool Staked ETH) - April 19, 2021","Abstain",""
"2021-05-03 16:00:00 012362182_000_000","FINAL_CHOICE","","17,000.00","Community Greenlight Poll - SLP-DAI-USDC (Sushiswap DAI-USDC LP Token) - April 19, 2021","Yes (Greenlight)",""
"2021-05-03 16:00:00 012362182_000_000","FINAL_CHOICE","","17,000.00","Community Greenlight Poll - 1INCH (1inch Liquidity Protocol) - April 19, 2021","Yes (Greenlight)",""
"2021-04-24 06:39:02 012301352_181_000_0","CHOOSE","","17,000.00","Community Greenlight Poll - bBADGER (Badger Sett Badger) - April 19, 2021","Abstain",""
"2021-04-24 06:39:02 012301352_181_000_0","CHOOSE","","17,000.00","Community Greenlight Poll - MCO2 (Moss Carbon Credit) - April 19, 2021","Abstain",""
"2021-04-24 06:39:02 012301352_181_000_0","CHOOSE","","17,000.00","Community Greenlight Poll - UNI-V2-GUSD-DAI (Uniswap V2 GUSD-DAI LP Token) - April 19, 2021","Yes (Greenlight)",""
"2021-04-24 06:39:02 012301352_181_000_0","CHOOSE","","17,000.00","Community Greenlight Poll - UNI-V2-DAI-PAX (Uniswap V2 DAI-PAX LP Token) - April 19, 2021","Yes (Greenlight)",""
"2021-04-24 06:39:02 012301352_181_000_0","CHOOSE","","17,000.00","Community Greenlight Poll - 1INCH (1inch Liquidity Protocol) - April 19, 2021","Yes (Greenlight)",""
"2021-04-24 06:39:02 012301352_181_000_0","CHOOSE","","17,000.00","Community Greenlight Poll - SLP-DAI-USDC (Sushiswap DAI-USDC LP Token) - April 19, 2021","Yes (Greenlight)",""
"2021-04-24 06:39:02 012301352_181_000_0","CHOOSE","","17,000.00","Community Greenlight Poll - rETH (Rocket Pool Staked ETH) - April 19, 2021","Abstain",""
"2021-04-24 06:35:42 012301337_185_000_2","VOTE","","17,000.00","System Surplus Buffer Increase and Burn, Parameter Changes, YFI-A Addition to Liquidations 2.0 - April 23, 2021","",""
"2021-04-24 06:35:42 012301337_185_000_1","MOVE VOTE","","17,000.00","Add ETH-A to the Debt Ceiling Instant Access Module - January 29, 2021","",""
"2021-04-24 06:35:42 012301337_185_000_0","MOVE VOTE","","17,000.00","Approve January 2021 Governance Cycle Bundle - January 25, 2021","",""
"2021-04-22 06:15:57 012288350_231_000_2","DOWN-VOTE","","18,000.00","Add ETH-A to the Debt Ceiling Instant Access Module - January 29, 2021","",""
"2021-04-22 06:15:57 012288350_231_000_1","DOWN-VOTE","","18,000.00","Approve January 2021 Governance Cycle Bundle - January 25, 2021","",""
"2021-04-22 06:15:57 012288350_231_000_0","WITHDRAW","-1,000.00","17,000.00","","",""
"2021-04-15 17:41:55 012246081_159_000_2","DOWN-VOTE","","19,000.00","Add ETH-A to the Debt Ceiling Instant Access Module - January 29, 2021","",""
"2021-04-15 17:41:55 012246081_159_000_1","DOWN-VOTE","","19,000.00","Approve January 2021 Governance Cycle Bundle - January 25, 2021","",""
"2021-04-15 17:41:55 012246081_159_000_0","WITHDRAW","-1,000.00","18,000.00","","",""
"2021-04-15 16:47:33 012245822_114_000_2","DOWN-VOTE","","20,540.00","Add ETH-A to the Debt Ceiling Instant Access Module - January 29, 2021","",""
"2021-04-15 16:47:33 012245822_114_000_1","DOWN-VOTE","","20,540.00","Approve January 2021 Governance Cycle Bundle - January 25, 2021","",""
"2021-04-15 16:47:33 012245822_114_000_0","WITHDRAW","-1,540.00","19,000.00","","",""
"2021-02-11 16:00:00 011836241_000_000","FINAL_CHOICE","","20,540.00","Set COMP-A Debt Ceiling Instant Access Module Parameters - February 8, 2021","Yes",""
"2021-02-11 16:00:00 011836241_000_000","FINAL_CHOICE","","20,540.00","Set UNI-A Debt Ceiling Instant Access Module Parameters - February 8, 2021","Yes",""
"2021-02-11 16:00:00 011836241_000_000","FINAL_CHOICE","","20,540.00","Set WBTC-A Debt Ceiling Instant Access Module Parameters - February 8, 2021","Yes",""
"2021-02-11 16:00:00 011836241_000_000","FINAL_CHOICE","","20,540.00","Add UNI-V2-UNI-ETH (UniswapV2 UNI-ETH LP Token) as a Collateral Type - February 8, 2021","Yes",""
"2021-02-11 16:00:00 011836241_000_000","FINAL_CHOICE","","20,540.00","Interim DAO Budget - February 8, 2021","Yes",""
"2021-02-11 16:00:00 011836241_000_000","FINAL_CHOICE","","20,540.00","Set LINK-A Debt Ceiling Instant Access Module Parameters - February 8, 2021","Yes",""
"2021-02-11 16:00:00 011836241_000_000","FINAL_CHOICE","","20,540.00","Set AAVE-A Debt Ceiling Instant Access Module Parameters - February 8, 2021","Yes",""
"2021-02-11 16:00:00 011836241_000_000","FINAL_CHOICE","","20,540.00","Set YFI-A Debt Ceiling Instant Access Module Parameters - February 8, 2021","Yes",""
"2021-02-11 16:00:00 011836241_000_000","FINAL_CHOICE","","20,540.00","Rates Proposal - February 8, 2021","Yes",""
"2021-02-11 16:00:00 011836241_000_000","FINAL_CHOICE","","20,540.00","Add UNI-V2-LINK-ETH (UniswapV2 LINK-ETH LP Token) as a Collateral Type - February 8, 2021","Yes",""
"2021-02-08 16:40:55 011816966_039_000_0","CHOOSE","","20,540.00","Rates Proposal - February 8, 2021","Yes",""
"2021-02-08 16:40:55 011816966_039_000_0","CHOOSE","","20,540.00","Set AAVE-A Debt Ceiling Instant Access Module Parameters - February 8, 2021","Yes",""
"2021-02-08 16:40:55 011816966_039_000_0","CHOOSE","","20,540.00","Set YFI-A Debt Ceiling Instant Access Module Parameters - February 8, 2021","Yes",""
"2021-02-08 16:40:55 011816966_039_000_0","CHOOSE","","20,540.00","Set COMP-A Debt Ceiling Instant Access Module Parameters - February 8, 2021","Yes",""
"2021-02-08 16:40:55 011816966_039_000_0","CHOOSE","","20,540.00","Set UNI-A Debt Ceiling Instant Access Module Parameters - February 8, 2021","Yes",""
"2021-02-08 16:40:55 011816966_039_000_0","CHOOSE","","20,540.00","Set LINK-A Debt Ceiling Instant Access Module Parameters - February 8, 2021","Yes",""
"2021-02-08 16:40:55 011816966_039_000_0","CHOOSE","","20,540.00","Set WBTC-A Debt Ceiling Instant Access Module Parameters - February 8, 2021","Yes",""
"2021-02-08 16:40:55 011816966_039_000_0","CHOOSE","","20,540.00","Interim DAO Budget - February 8, 2021","Yes",""
"2021-02-08 16:40:55 011816966_039_000_0","CHOOSE","","20,540.00","Add UNI-V2-LINK-ETH (UniswapV2 LINK-ETH LP Token) as a Collateral Type - February 8, 2021","Yes",""
"2021-02-08 16:40:55 011816966_039_000_0","CHOOSE","","20,540.00","Add UNI-V2-UNI-ETH (UniswapV2 UNI-ETH LP Token) as a Collateral Type - February 8, 2021","Yes",""
"2021-02-01 16:00:00 011771281_000_000","FINAL_CHOICE","","20,540.00","Community Greenlight Poll - UNI-V2-DAI-USDT (UniswapV2 DAI-USDT Liquidity Token) - January 18, 2021","Yes (Greenlight)",""
"2021-02-01 16:00:00 011771281_000_000","FINAL_CHOICE","","20,540.00","Community Greenlight Poll - stETH (LidoDAO Staked Ether) - January 18, 2021","Yes (Greenlight)",""
"2021-02-01 16:00:00 011771281_000_000","FINAL_CHOICE","","20,540.00","Community Greenlight Poll - renFIL (RenVM Filecoin) - January 18, 2021","Abstain",""
"2021-02-01 16:00:00 011771281_000_000","FINAL_CHOICE","","20,540.00","Community Greenlight Poll - UNI-V2-DAI-USDC (UniswapV2 DAI-USDC Liquidity Token) - January 18, 2021","Yes (Greenlight)",""
"2021-02-01 16:00:00 011771281_000_000","FINAL_CHOICE","","20,540.00","Community Greenlight Poll - P1-DROP (Peoples Company DROP) - January 18, 2021","Yes (Greenlight)",""
"2021-02-01 16:00:00 011771281_000_000","FINAL_CHOICE","","20,540.00","Community Greenlight Poll - WFIL (Wrapped Filecoin) - January 18, 2021","Abstain",""
"2021-02-01 16:00:00 011771281_000_000","FINAL_CHOICE","","20,540.00","Community Greenlight Poll - STAKE (xDAI STAKE) - January 18, 2021","Yes (Greenlight)",""
"2021-02-01 16:00:00 011771281_000_000","FINAL_CHOICE","","20,540.00","Community Greenlight Poll - UNI-V2-DAI-WBTC (UniswapV2 DAI-WBTC Liquidity Token) - January 18, 2021","Yes (Greenlight)",""
"2021-02-01 16:00:00 011771281_000_000","FINAL_CHOICE","","20,540.00","Community Greenlight Poll - UNI-V2-DAI-YFI (UniswapV2 DAI-YFI Liquidity Token) - January 18, 2021","Yes (Greenlight)",""
"2021-02-01 16:00:00 011771281_000_000","FINAL_CHOICE","","20,540.00","Community Greenlight Poll - BPT-50WBTC-50WETH (50% WBTC 50% ETH Balancer Pool Token) - January 18, 2021","Yes (Greenlight)",""
"2021-01-30 07:03:22 011755841_104_000_2","VOTE","","20,540.00","Add ETH-A to the Debt Ceiling Instant Access Module - January 29, 2021","",""
"2021-01-30 07:03:22 011755841_104_000_1","VOTE","","20,540.00","Approve January 2021 Governance Cycle Bundle - January 25, 2021","",""
"2021-01-30 07:03:22 011755841_104_000_0","MOVE VOTE","","20,540.00","Approve January 2021 Governance Cycle Bundle - January 25, 2021","",""
"2021-01-28 16:00:00 011745236_000_000","FINAL_CHOICE","","20,540.00","Add NS-DROP (New Silver DROP) as a Collateral Type - January 25, 2021","Yes",""
"2021-01-28 06:51:10 011742815_097_000_1","VOTE","","20,540.00","Approve January 2021 Governance Cycle Bundle - January 25, 2021","","YES"
"2021-01-28 06:51:10 011742815_097_000_0","MOVE VOTE","","20,540.00","Activate DSChief v1.2","",""
"2021-01-28 06:42:56 011742771_034_000_0","CHOOSE","","20,540.00","Add NS-DROP (New Silver DROP) as a Collateral Type - January 25, 2021","Yes",""
"2021-01-28 06:42:56 011742771_034_000_0","CHOOSE","","20,540.00","Community Greenlight Poll - stETH (LidoDAO Staked Ether) - January 18, 2021","Yes (Greenlight)",""
"2021-01-28 06:42:56 011742771_034_000_0","CHOOSE","","20,540.00","Community Greenlight Poll - UNI-V2-DAI-YFI (UniswapV2 DAI-YFI Liquidity Token) - January 18, 2021","Yes (Greenlight)",""
"2021-01-28 06:42:56 011742771_034_000_0","CHOOSE","","20,540.00","Community Greenlight Poll - UNI-V2-DAI-WBTC (UniswapV2 DAI-WBTC Liquidity Token) - January 18, 2021","Yes (Greenlight)",""
"2021-01-28 06:42:56 011742771_034_000_0","CHOOSE","","20,540.00","Community Greenlight Poll - renFIL (RenVM Filecoin) - January 18, 2021","Abstain",""
"2021-01-28 06:42:56 011742771_034_000_0","CHOOSE","","20,540.00","Community Greenlight Poll - BPT-50WBTC-50WETH (50% WBTC 50% ETH Balancer Pool Token) - January 18, 2021","Yes (Greenlight)",""
"2021-01-28 06:42:56 011742771_034_000_0","CHOOSE","","20,540.00","Community Greenlight Poll - UNI-V2-DAI-USDT (UniswapV2 DAI-USDT Liquidity Token) - January 18, 2021","Yes (Greenlight)",""
"2021-01-28 06:42:56 011742771_034_000_0","CHOOSE","","20,540.00","Community Greenlight Poll - UNI-V2-DAI-USDC (UniswapV2 DAI-USDC Liquidity Token) - January 18, 2021","Yes (Greenlight)",""
"2021-01-28 06:42:56 011742771_034_000_0","CHOOSE","","20,540.00","Community Greenlight Poll - STAKE (xDAI STAKE) - January 18, 2021","Yes (Greenlight)",""
"2021-01-28 06:42:56 011742771_034_000_0","CHOOSE","","20,540.00","Community Greenlight Poll - P1-DROP (Peoples Company DROP) - January 18, 2021","Yes (Greenlight)",""
"2021-01-28 06:42:56 011742771_034_000_0","CHOOSE","","20,540.00","Community Greenlight Poll - WFIL (Wrapped Filecoin) - January 18, 2021","Abstain",""
"2021-01-14 16:00:00 011654147_000_000","FINAL_CHOICE","","20,540.00","Inclusion Poll for Onboarding Sam MacPherson to the Smart Contracts Domain (MIP7c3-SP6)- January 11, 2021","Yes",""
"2021-01-14 16:00:00 011654147_000_000","FINAL_CHOICE","","20,540.00","Rates Proposal - January 11, 2021","Yes",""
"2021-01-14 16:00:00 011654147_000_000","FINAL_CHOICE","","20,540.00","Add UNI-V2-WBTC-ETH (UniswapV2 WBTC-ETH LP Token) as a Collateral Type - January 11, 2021","Yes",""
"2021-01-14 16:00:00 011654147_000_000","FINAL_CHOICE","","20,540.00","Whitelist Set Protocol on Multiple Oracles - January 11, 2021","Yes",""
"2021-01-14 16:00:00 011654147_000_000","FINAL_CHOICE","","20,540.00","Adjust FLAP Auction Parameters - January 11, 2021","Yes",""
"2021-01-14 16:00:00 011654147_000_000","FINAL_CHOICE","","20,540.00","Inclusion Poll for Peg Stability Module (MIP29)- January 11, 2021","Yes",""
"2021-01-14 16:00:00 011654147_000_000","FINAL_CHOICE","","20,540.00","Whitelist Gnosis on Multiple Oracles - January 11, 2021","Yes",""
"2021-01-14 16:00:00 011654147_000_000","FINAL_CHOICE","","20,540.00","Inclusion Poll for Declaration of Intent - Governance Communications Domain (MIP13c3-SP7)- January 11, 2021","Yes",""
"2021-01-14 16:00:00 011654147_000_000","FINAL_CHOICE","","20,540.00","Investigate Implementation of a WBTC-B Vault-type with a lower LR - January 11, 2021","Yes",""
"2021-01-14 16:00:00 011654147_000_000","FINAL_CHOICE","","20,540.00","Inclusion Poll for Onboarding Sébastien Derivaux to the Risk Domain (MIP7c3-SP5)- January 11, 2021","Yes",""
"2021-01-14 16:00:00 011654147_000_000","FINAL_CHOICE","","20,540.00","Inclusion Poll for Onboarding JuanJuan to the Operational Support Domain (MIP28c7-SP2)- January 11, 2021","Yes",""
"2021-01-14 16:00:00 011654147_000_000","FINAL_CHOICE","","20,540.00","Increase the System Surplus Buffer - January 11, 2021","Yes",""
"2021-01-14 16:00:00 011654147_000_000","FINAL_CHOICE","","20,540.00","Inclusion Poll for Declaration of Intent - Maker Protocol Cover with Nexus Mutual (MIP13c3-SP8)- January 11, 2021","Abstain",""
"2021-01-14 16:00:00 011654147_000_000","FINAL_CHOICE","","20,540.00","Inclusion Poll for CropJoin - Farmable cUSDC Adaptor (MIP30)- January 11, 2021","Yes",""
"2021-01-12 06:59:58 011638674_115_000_0","CHOOSE","","20,540.00","Inclusion Poll for Declaration of Intent - Governance Communications Domain (MIP13c3-SP7)- January 11, 2021","Yes",""
"2021-01-12 06:59:58 011638674_115_000_0","CHOOSE","","20,540.00","Increase the System Surplus Buffer - January 11, 2021","Yes",""
"2021-01-12 06:59:58 011638674_115_000_0","CHOOSE","","20,540.00","Inclusion Poll for Declaration of Intent - Maker Protocol Cover with Nexus Mutual (MIP13c3-SP8)- January 11, 2021","Abstain",""
"2021-01-12 06:59:58 011638674_115_000_0","CHOOSE","","20,540.00","Investigate Implementation of a WBTC-B Vault-type with a lower LR - January 11, 2021","Yes",""
"2021-01-12 06:59:58 011638674_115_000_0","CHOOSE","","20,540.00","Inclusion Poll for Onboarding Sébastien Derivaux to the Risk Domain (MIP7c3-SP5)- January 11, 2021","Yes",""
"2021-01-12 06:59:58 011638674_115_000_0","CHOOSE","","20,540.00","Inclusion Poll for Onboarding JuanJuan to the Operational Support Domain (MIP28c7-SP2)- January 11, 2021","Yes",""
"2021-01-12 06:59:58 011638674_115_000_0","CHOOSE","","20,540.00","Inclusion Poll for Peg Stability Module (MIP29)- January 11, 2021","Yes",""
"2021-01-12 06:59:58 011638674_115_000_0","CHOOSE","","20,540.00","Inclusion Poll for CropJoin - Farmable cUSDC Adaptor (MIP30)- January 11, 2021","Yes",""
"2021-01-12 06:59:58 011638674_115_000_0","CHOOSE","","20,540.00","Add UNI-V2-WBTC-ETH (UniswapV2 WBTC-ETH LP Token) as a Collateral Type - January 11, 2021","Yes",""
"2021-01-12 06:59:58 011638674_115_000_0","CHOOSE","","20,540.00","Rates Proposal - January 11, 2021","Yes",""
"2021-01-12 06:59:58 011638674_115_000_0","CHOOSE","","20,540.00","Whitelist Set Protocol on Multiple Oracles - January 11, 2021","Yes",""
"2021-01-12 06:59:58 011638674_115_000_0","CHOOSE","","20,540.00","Whitelist Gnosis on Multiple Oracles - January 11, 2021","Yes",""
"2021-01-12 06:59:58 011638674_115_000_0","CHOOSE","","20,540.00","Inclusion Poll for Onboarding Sam MacPherson to the Smart Contracts Domain (MIP7c3-SP6)- January 11, 2021","Yes",""
"2021-01-12 06:59:58 011638674_115_000_0","CHOOSE","","20,540.00","Adjust FLAP Auction Parameters - January 11, 2021","Yes",""
"2020-12-28 16:00:00 011543412_000_000","FINAL_CHOICE","","20,540.00","Community Greenlight Poll - DPI (DeFi Pulse Index) - December 14, 2020","No (Defer)",""
"2020-12-28 16:00:00 011543412_000_000","FINAL_CHOICE","","20,540.00","Community Greenlight Poll - WZEC (Wrapped Zcash) - December 14, 2020","Yes (Greenlight)",""
"2020-12-28 16:00:00 011543412_000_000","FINAL_CHOICE","","20,540.00","Community Greenlight Poll - WFIL (Wrapped Filecoin) - December 14, 2020","No (Defer)",""
"2020-12-17 16:00:00 011471652_000_000","FINAL_CHOICE","","20,540.00","USDC Peg Stability Module Parameters - December 14, 2020","Yes",""
"2020-12-17 16:00:00 011471652_000_000","FINAL_CHOICE","","20,540.00","Whitelist Gnosis on ETHUSD Oracle (MIP10c9-SP15) - December 14, 2020","Yes",""
"2020-12-17 16:00:00 011471652_000_000","FINAL_CHOICE","","20,540.00","Rates Proposal - December 14, 2020","Yes",""
"2020-12-17 06:52:07 011469091_151_000_0","CHOOSE","","20,540.00","Community Greenlight Poll - DPI (DeFi Pulse Index) - December 14, 2020","No (Defer)",""
"2020-12-17 06:52:07 011469091_151_000_0","CHOOSE","","20,540.00","Community Greenlight Poll - WZEC (Wrapped Zcash) - December 14, 2020","Yes (Greenlight)",""
"2020-12-17 06:52:07 011469091_151_000_0","CHOOSE","","20,540.00","Community Greenlight Poll - WFIL (Wrapped Filecoin) - December 14, 2020","No (Defer)",""
"2020-12-17 06:52:07 011469091_151_000_0","CHOOSE","","20,540.00","Whitelist Gnosis on ETHUSD Oracle (MIP10c9-SP15) - December 14, 2020","Yes",""
"2020-12-17 06:52:07 011469091_151_000_0","CHOOSE","","20,540.00","USDC Peg Stability Module Parameters - December 14, 2020","Yes",""
"2020-12-17 06:52:07 011469091_151_000_0","CHOOSE","","20,540.00","Rates Proposal - December 14, 2020","Yes",""
"2020-12-10 16:00:00 011426121_000_000","FINAL_CHOICE","","20,540.00","Adjust the ETH-B Debt Ceiling - December 7, 2020","Yes",""
"2020-12-10 16:00:00 011426121_000_000","FINAL_CHOICE","","20,540.00","Adjust Stablecoin Stability Fees - December 7, 2020","Yes",""
"2020-12-10 16:00:00 011426121_000_000","FINAL_CHOICE","","20,540.00","ETH-B Debt Ceiling Instant Access Module - December 7, 2020","Yes",""
"2020-12-10 16:00:00 011426121_000_000","FINAL_CHOICE","","20,540.00","Add UNI-V2-DAI-ETH (UniswapV2 DAI-ETH LP Token) as a Collateral Type - December 7, 2020","Abstain",""
"2020-12-10 16:00:00 011426121_000_000","FINAL_CHOICE","","20,540.00","Add AAVE (Aave) as a Collateral Type - December 7, 2020","Yes",""
"2020-12-10 16:00:00 011426121_000_000","FINAL_CHOICE","","20,540.00","Adjust YFI-A System Parameters - December 7, 2020","Yes",""
"2020-12-10 16:00:00 011426121_000_000","FINAL_CHOICE","","20,540.00","Add UNI-V2-USDC-ETH (UniswapV2 USDC-ETH LP Token) as a Collateral Type - December 7, 2020","Abstain",""
"2020-12-08 07:09:03 011410714_102_000_0","CHOOSE","","20,540.00","Adjust Stablecoin Stability Fees - December 7, 2020","Yes",""
"2020-12-08 07:09:03 011410714_102_000_0","CHOOSE","","20,540.00","Adjust YFI-A System Parameters - December 7, 2020","Yes",""
"2020-12-08 07:09:03 011410714_102_000_0","CHOOSE","","20,540.00","Adjust the ETH-B Debt Ceiling - December 7, 2020","Yes",""
"2020-12-08 07:09:03 011410714_102_000_0","CHOOSE","","20,540.00","ETH-B Debt Ceiling Instant Access Module - December 7, 2020","Yes",""
"2020-12-08 07:09:03 011410714_102_000_0","CHOOSE","","20,540.00","Add UNI-V2-DAI-ETH (UniswapV2 DAI-ETH LP Token) as a Collateral Type - December 7, 2020","Abstain",""
"2020-12-08 07:09:03 011410714_102_000_0","CHOOSE","","20,540.00","Add UNI-V2-USDC-ETH (UniswapV2 USDC-ETH LP Token) as a Collateral Type - December 7, 2020","Abstain",""
"2020-12-08 07:09:03 011410714_102_000_0","CHOOSE","","20,540.00","Add AAVE (Aave) as a Collateral Type - December 7, 2020","Yes",""
"2020-12-08 07:08:08 011410708_020_000_1","VOTE","","20,540.00","Activate DSChief v1.2","",""
"2020-12-08 07:08:08 011410708_020_000_0","MOVE VOTE","","20,540.00","Increase ETH-A Debt Ceiling - November 27, 2020","",""
"2020-12-08 07:06:51 011410703_151_000_1","UP-VOTE","","20,540.00","Increase ETH-A Debt Ceiling - November 27, 2020","",""
"2020-12-08 07:06:51 011410703_151_000_0","STAKE","20,540.00","20,540.00","","",""
"2020-12-08 07:05:24 011410692_071_001_1","DOWN-VOTE","","20,539.75","Increase ETH-A Debt Ceiling - November 27, 2020","",""
"2020-12-08 07:05:24 011410692_071_001_0","WITHDRAW","-20,539.75","0.00","","",""
"2020-12-03 16:00:00 011380611_000_000","FINAL_CHOICE","","20,539.75","Add renBTC as a Collateral Type - November 30, 2020","Yes",""
"2020-12-03 16:00:00 011380611_000_000","FINAL_CHOICE","","20,539.75","Add UNI (Uniswap) as a Collateral Type - November 30, 2020","Yes",""
"2020-12-03 16:00:00 011380611_000_000","FINAL_CHOICE","","20,539.75","Whitelist Yearn Finance on YFIUSD Oracle (MIP10c9-SP14) - November 30, 2020","Yes",""
"2020-12-01 06:59:19 011365161_214_000_0","CHOOSE","","20,539.75","Add renBTC as a Collateral Type - November 30, 2020","Yes",""
"2020-12-01 06:59:19 011365161_214_000_0","CHOOSE","","20,539.75","Add UNI (Uniswap) as a Collateral Type - November 30, 2020","Yes",""
"2020-12-01 06:59:19 011365161_214_000_0","CHOOSE","","20,539.75","Whitelist Yearn Finance on YFIUSD Oracle (MIP10c9-SP14) - November 30, 2020","Yes",""
"2020-11-30 16:00:00 011361082_000_000","FINAL_CHOICE","","20,539.75","Community Greenlight Poll - NEXO (NEXO) - November 16, 2020","No (Defer)",""
"2020-11-30 16:00:00 011361082_000_000","FINAL_CHOICE","","20,539.75","Community Greenlight Poll - YFII (DFI.money) - November 16, 2020","No (Defer)",""
"2020-11-28 06:38:28 011345423_155_000_1","VOTE","","20,539.75","Increase ETH-A Debt Ceiling - November 27, 2020","",""
"2020-11-28 06:38:28 011345423_155_000_0","MOVE VOTE","","20,539.75","Approve November 2020 Governance Cycle Bundle - November 23, 2020","",""
"2020-11-26 16:00:00 011334980_000_000","FINAL_CHOICE","","20,539.75","Accelerate the Peg Stability Module Launch - November 23, 2020","Yes",""
"2020-11-24 07:04:33 011319551_157_000_0","CHOOSE","","20,539.75","Community Greenlight Poll - NEXO (NEXO) - November 16, 2020","No (Defer)",""
"2020-11-24 07:04:33 011319551_157_000_0","CHOOSE","","20,539.75","Community Greenlight Poll - YFII (DFI.money) - November 16, 2020","No (Defer)",""
"2020-11-24 07:04:33 011319551_157_000_0","CHOOSE","","20,539.75","Accelerate the Peg Stability Module Launch - November 23, 2020","Yes",""
"2020-11-24 06:55:41 011319513_152_000_1","VOTE","","20,539.75","Approve November 2020 Governance Cycle Bundle - November 23, 2020","","YES"
"2020-11-24 06:55:41 011319513_152_000_0","MOVE VOTE","","20,539.75","Onboard GUSD - November 13, 2020","",""
"2020-11-14 07:06:52 011254370_050_000_2","VOTE","","20,539.75","Onboard GUSD - November 13, 2020","",""
"2020-11-14 07:06:52 011254370_050_000_1","MOVE VOTE","","20,539.75","Mitigating Flash Loan Risk - October 30, 2020","",""
"2020-11-14 07:06:52 011254370_050_000_0","MOVE VOTE","","20,539.75","Onboard YFI and BAL, Debt Ceiling and Stability Fee Adjustments - November 6, 2020","",""
"2020-11-12 16:00:00 011243728_000_000","FINAL_CHOICE","","20,539.75","Inclusion Poll for Calendar Exceptions (MIP4c2-SP6)- November 9, 2020","No",""
"2020-11-12 16:00:00 011243728_000_000","FINAL_CHOICE","","20,539.75","Inclusion Poll for Emergency Voting System (MIP24)- November 9, 2020","Yes",""
"2020-11-12 16:00:00 011243728_000_000","FINAL_CHOICE","","20,539.75","Inclusion Poll for Debt Ceiling Instant Access Module (MIP27)- November 9, 2020","Yes",""
"2020-11-12 16:00:00 011243728_000_000","FINAL_CHOICE","","20,539.75","Stablecoin Action Plan - November 9, 2020","Option 3",""
"2020-11-12 16:00:00 011243728_000_000","FINAL_CHOICE","","20,539.75","Burning Borrowed, Attacking MKR in the Event of Protocol Redeployment - November 9, 2020","Agree",""
"2020-11-12 16:00:00 011243728_000_000","FINAL_CHOICE","","20,539.75","Inclusion Poll for Flash Mint Module (MIP25)- November 9, 2020","Yes",""
"2020-11-12 16:00:00 011243728_000_000","FINAL_CHOICE","","20,539.75","Inclusion Poll for Declaration of Intent - SourceCred Funding (MIP13c3-SP6)- November 9, 2020","Yes",""
"2020-11-12 16:00:00 011243728_000_000","FINAL_CHOICE","","20,539.75","Inclusion Poll for Operational Support Domain Definition (MIP28)- November 9, 2020","Yes",""
"2020-11-12 16:00:00 011243728_000_000","FINAL_CHOICE","","20,539.75","Inclusion Poll for Operational Support Domain Facilitator Onboarding (Amy Jung) (MIP28c7-SP1)- November 9, 2020","Yes",""
"2020-11-11 06:52:14 011234792_016_000_0","CHOOSE","","20,539.75","Burning Borrowed, Attacking MKR in the Event of Protocol Redeployment - November 9, 2020","Agree",""
"2020-11-11 06:52:14 011234792_016_000_0","CHOOSE","","20,539.75","Stablecoin Action Plan - November 9, 2020","Option 3",""
"2020-11-11 06:52:14 011234792_016_000_0","CHOOSE","","20,539.75","Inclusion Poll for Emergency Voting System (MIP24)- November 9, 2020","Yes",""
"2020-11-11 06:52:14 011234792_016_000_0","CHOOSE","","20,539.75","Inclusion Poll for Declaration of Intent - SourceCred Funding (MIP13c3-SP6)- November 9, 2020","Yes",""
"2020-11-11 06:52:14 011234792_016_000_0","CHOOSE","","20,539.75","Inclusion Poll for Debt Ceiling Instant Access Module (MIP27)- November 9, 2020","Yes",""
"2020-11-11 06:52:14 011234792_016_000_0","CHOOSE","","20,539.75","Inclusion Poll for Operational Support Domain Definition (MIP28)- November 9, 2020","Yes",""
"2020-11-11 06:52:14 011234792_016_000_0","CHOOSE","","20,539.75","Inclusion Poll for Operational Support Domain Facilitator Onboarding (Amy Jung) (MIP28c7-SP1)- November 9, 2020","Yes",""
"2020-11-11 06:52:14 011234792_016_000_0","CHOOSE","","20,539.75","Inclusion Poll for Calendar Exceptions (MIP4c2-SP6)- November 9, 2020","No",""
"2020-11-11 06:52:14 011234792_016_000_0","CHOOSE","","20,539.75","Inclusion Poll for Flash Mint Module (MIP25)- November 9, 2020","Yes",""
"2020-11-07 07:27:12 011208951_029_000_2","VOTE","","20,539.75","Mitigating Flash Loan Risk - October 30, 2020","",""
"2020-11-07 07:27:12 011208951_029_000_1","VOTE","","20,539.75","Onboard YFI and BAL, Debt Ceiling and Stability Fee Adjustments - November 6, 2020","",""
"2020-11-07 07:27:12 011208951_029_000_0","MOVE VOTE","","20,539.75","Mitigating Flash Loan Risk - October 30, 2020","",""
"2020-11-05 16:00:00 011198165_000_000","FINAL_CHOICE","","20,539.75","Adjust the LINK-A Debt Ceiling - November 2, 2020","Yes",""
"2020-11-05 16:00:00 011198165_000_000","FINAL_CHOICE","","20,539.75","Stability Fee Adjustment Proposal - November 2, 2020","Yes",""
"2020-11-05 16:00:00 011198165_000_000","FINAL_CHOICE","","20,539.75","Adjust the WBTC-A Debt Ceiling - November 2, 2020","Yes",""
"2020-11-05 16:00:00 011198165_000_000","FINAL_CHOICE","","20,539.75","Adjust the ETH-A Debt Ceiling - November 2, 2020","Yes",""
"2020-11-05 16:00:00 011198165_000_000","FINAL_CHOICE","","20,539.75","Adjust the ETH-B Debt Ceiling - November 2, 2020","Yes",""
"2020-11-05 16:00:00 011198165_000_000","FINAL_CHOICE","","20,539.75","Adjust the MANA-A Debt Ceiling - November 2, 2020","Yes",""
"2020-11-05 16:00:00 011198165_000_000","FINAL_CHOICE","","20,539.75","Adjust the USDT-A Debt Ceiling - November 2, 2020","Yes",""
"2020-11-05 16:00:00 011198165_000_000","FINAL_CHOICE","","20,539.75","Stablecoin Action Plan - November 2, 2020","No",""
"2020-11-05 08:50:44 011196196_015_000_0","CHOOSE","","20,539.75","Stablecoin Action Plan - November 2, 2020","No",""
"2020-11-05 08:50:44 011196196_015_000_0","CHOOSE","","20,539.75","Adjust the ETH-A Debt Ceiling - November 2, 2020","Yes",""
"2020-11-03 06:56:33 011182704_000_000_0","CHOOSE","","20,539.75","Adjust the LINK-A Debt Ceiling - November 2, 2020","Yes",""
"2020-11-03 06:56:33 011182704_000_000_0","CHOOSE","","20,539.75","Adjust the MANA-A Debt Ceiling - November 2, 2020","Yes",""
"2020-11-03 06:56:33 011182704_000_000_0","CHOOSE","","20,539.75","Stability Fee Adjustment Proposal - November 2, 2020","Yes",""
"2020-11-03 06:56:33 011182704_000_000_0","CHOOSE","","20,539.75","Adjust the USDT-A Debt Ceiling - November 2, 2020","Yes",""
"2020-11-03 06:56:33 011182704_000_000_0","CHOOSE","","20,539.75","Adjust the WBTC-A Debt Ceiling - November 2, 2020","Yes",""
"2020-11-03 06:56:33 011182704_000_000_0","CHOOSE","","20,539.75","Adjust the ETH-B Debt Ceiling - November 2, 2020","Yes",""
"2020-11-02 16:00:00 011178611_000_000","FINAL_CHOICE","","20,539.75","Community Greenlight Poll - UNI-V2-WBTC-ETH (Uniswap WBTC-WETH Liquidity Tokens) - October 19, 2020","Yes (Greenlight)",""
"2020-11-02 16:00:00 011178611_000_000","FINAL_CHOICE","","20,539.75","Community Greenlight Poll - CRO (Crypto.com Coin) - October 19, 2020","Yes (Greenlight)",""
"2020-11-02 16:00:00 011178611_000_000","FINAL_CHOICE","","20,539.75","Community Greenlight Poll - CRV (Curve DAO Token) - October 19, 2020","No (Defer)",""
"2020-11-02 16:00:00 011178611_000_000","FINAL_CHOICE","","20,539.75","Community Greenlight Poll - KF-DROP (Kickfurther DROP) - October 19, 2020","No (Defer)",""
"2020-11-02 16:00:00 011178611_000_000","FINAL_CHOICE","","20,539.75","Community Greenlight Poll - UNI-V2-USDT-ETH (Uniswap USDT-WETH Liquidity Tokens) - October 19, 2020","Yes (Greenlight)",""
"2020-11-02 16:00:00 011178611_000_000","FINAL_CHOICE","","20,539.75","Community Greenlight Poll - UNI (Uniswap) - October 19, 2020","Yes (Greenlight)",""
"2020-11-02 16:00:00 011178611_000_000","FINAL_CHOICE","","20,539.75","Community Greenlight Poll - cUSDC (Compound USDC cToken) - October 19, 2020","Yes (Greenlight)",""
"2020-11-02 16:00:00 011178611_000_000","FINAL_CHOICE","","20,539.75","Community Greenlight Poll - OMG (OMG Network) - October 19, 2020","Yes (Greenlight)",""
"2020-10-30 18:17:11 011159721_022_000_1","VOTE","","20,539.75","Mitigating Flash Loan Risk - October 30, 2020","",""
"2020-10-30 18:17:11 011159721_022_000_0","MOVE VOTE","","20,539.75","Approve October 2020 Governance Cycle Bundle - October 26, 2020","",""
"2020-10-29 16:00:00 011152615_000_000","FINAL_CHOICE","","20,539.75","Add GUSD as a Collateral Type - October 26, 2020","Yes",""
"2020-10-29 16:00:00 011152615_000_000","FINAL_CHOICE","","20,539.75","Add PAXG as a Collateral Type - October 26, 2020","Yes",""
"2020-10-29 06:38:48 011150078_106_000_0","CHOOSE","","20,539.75","Add PAXG as a Collateral Type - October 26, 2020","Yes",""
"2020-10-29 06:38:48 011150078_106_000_0","CHOOSE","","20,539.75","Add GUSD as a Collateral Type - October 26, 2020","Yes",""
"2020-10-27 16:23:34 011139706_179_000_2","VOTE","","20,539.75","Approve October 2020 Governance Cycle Bundle - October 26, 2020","",""
"2020-10-27 16:23:34 011139706_179_000_1","MOVE VOTE","","20,539.75","Increase the Surplus Buffer, Oracle Whitelisting - October 23, 2020","",""
"2020-10-27 16:23:34 011139706_179_000_0","MOVE VOTE","","20,539.75","Add ETH-B Vault Type - October 16, 2020","",""
"2020-10-26 06:42:52 011130466_014_000_2","VOTE","","20,539.75","Increase the Surplus Buffer, Oracle Whitelisting - October 23, 2020","",""
"2020-10-26 06:42:52 011130466_014_000_1","VOTE","","20,539.75","Add ETH-B Vault Type - October 16, 2020","",""
"2020-10-26 06:42:52 011130466_014_000_0","MOVE VOTE","","20,539.75","Add ETH-B Vault Type - October 16, 2020","",""
"2020-10-22 16:00:00 011106947_000_000","FINAL_CHOICE","","20,539.75","Whitelist B.Protocol on ETHUSD Medianizer Oracle (MIP10c9-SP12) - October 19, 2020","Yes",""
"2020-10-22 16:00:00 011106947_000_000","FINAL_CHOICE","","20,539.75","Monthly MIPs Governance Poll - October 19, 2020","Yes",""
"2020-10-22 16:00:00 011106947_000_000","FINAL_CHOICE","","20,539.75","Whitelist B.Protocol on ETHUSD Medianizer Oracle Security Module (MIP10c9-SP13) - October 19, 2020","Yes",""
"2020-10-22 16:00:00 011106947_000_000","FINAL_CHOICE","","20,539.75","Increase the Surplus Auction Buffer - October 19, 2020","Yes",""
"2020-10-22 16:00:00 011106947_000_000","FINAL_CHOICE","","20,539.75","Approve Maker Representatives - October 19, 2020","Yes",""
"2020-10-21 06:06:14 011097778_003_000_0","CHOOSE","","20,539.75","Community Greenlight Poll - CRO (Crypto.com Coin) - October 19, 2020","Yes (Greenlight)",""
"2020-10-21 06:06:14 011097778_003_000_0","CHOOSE","","20,539.75","Community Greenlight Poll - UNI-V2-USDT-ETH (Uniswap USDT-WETH Liquidity Tokens) - October 19, 2020","Yes (Greenlight)",""
"2020-10-21 06:06:14 011097778_003_000_0","CHOOSE","","20,539.75","Community Greenlight Poll - UNI-V2-WBTC-ETH (Uniswap WBTC-WETH Liquidity Tokens) - October 19, 2020","Yes (Greenlight)",""
"2020-10-21 06:06:14 011097778_003_000_0","CHOOSE","","20,539.75","Community Greenlight Poll - UNI (Uniswap) - October 19, 2020","Yes (Greenlight)",""
"2020-10-21 06:06:14 011097778_003_000_0","CHOOSE","","20,539.75","Community Greenlight Poll - OMG (OMG Network) - October 19, 2020","Yes (Greenlight)",""
"2020-10-20 06:17:29 011091358_101_000_0","CHOOSE","","20,539.75","Community Greenlight Poll - cUSDC (Compound USDC cToken) - October 19, 2020","Yes (Greenlight)",""
"2020-10-20 06:16:38 011091351_178_000_0","CHOOSE","","20,539.75","Community Greenlight Poll - KF-DROP (Kickfurther DROP) - October 19, 2020","No (Defer)",""
"2020-10-20 06:12:47 011091332_048_000_0","CHOOSE","","20,539.75","Community Greenlight Poll - CRV (Curve DAO Token) - October 19, 2020","No (Defer)",""
"2020-10-20 06:11:54 011091328_099_000_0","CHOOSE","","20,539.75","Monthly MIPs Governance Poll - October 19, 2020","Yes",""
"2020-10-20 06:11:54 011091328_098_000_0","CHOOSE","","20,539.75","Whitelist B.Protocol on ETHUSD Medianizer Oracle (MIP10c9-SP12) - October 19, 2020","Yes",""
"2020-10-20 06:11:54 011091328_097_000_0","CHOOSE","","20,539.75","Whitelist B.Protocol on ETHUSD Medianizer Oracle Security Module (MIP10c9-SP13) - October 19, 2020","Yes",""
"2020-10-20 06:07:17 011091306_055_000_0","CHOOSE","","20,539.75","Approve Maker Representatives - October 19, 2020","Yes",""
"2020-10-20 06:07:17 011091306_054_000_0","CHOOSE","","20,539.75","Increase the Surplus Auction Buffer - October 19, 2020","Yes",""
"2020-10-17 05:53:34 011071679_145_000_1","VOTE","","20,539.75","Add ETH-B Vault Type - October 16, 2020","","YES"
"2020-10-17 05:53:34 011071679_145_000_0","MOVE VOTE","","20,539.75","Raise the PAX-A Debt Ceiling and Reduce the Base Rate - October 2, 2020","",""
"2020-10-15 16:00:00 011061337_000_000","FINAL_CHOICE","","20,539.75","Add BAL as a Collateral Type - October 12, 2020","Yes",""
"2020-10-15 16:00:00 011061337_000_000","FINAL_CHOICE","","20,539.75","Add YFI as a Collateral Type - October 12, 2020","Yes",""
"2020-10-15 16:00:00 011061337_000_000","FINAL_CHOICE","","20,539.75","Inclusion Poll for Target Price Adjustment Module (Vox) (MIP20)- October 12, 2020","No",""
"2020-10-15 16:00:00 011061337_000_000","FINAL_CHOICE","","20,539.75","Inclusion Poll for Centrifuge Direct Liquidation Module (MIP22)- 12 October, 2020","No",""
"2020-10-15 16:00:00 011061337_000_000","FINAL_CHOICE","","20,539.75","Rates V2 Poll - October 12, 2020","Yes",""
"2020-10-15 16:00:00 011061337_000_000","FINAL_CHOICE","","20,539.75","Base Rate Adjustment - October 12, 2020","0",""
"2020-10-13 07:25:15 011045946_054_000_0","CHOOSE","","20,539.75","Base Rate Adjustment - October 12, 2020","0",""
"2020-10-13 07:18:34 011045919_063_000_0","CHOOSE","","20,539.75","Rates V2 Poll - October 12, 2020","Yes",""
"2020-10-13 07:17:58 011045913_004_000_0","CHOOSE","","20,539.75","Add BAL as a Collateral Type - October 12, 2020","Yes",""
"2020-10-13 07:13:49 011045893_017_000_0","CHOOSE","","20,539.75","Inclusion Poll for Centrifuge Direct Liquidation Module (MIP22)- 12 October, 2020","No",""
"2020-10-13 07:10:33 011045877_027_000_0","CHOOSE","","20,539.75","Inclusion Poll for Target Price Adjustment Module (Vox) (MIP20)- October 12, 2020","No",""
"2020-10-13 07:05:57 011045866_094_000_0","CHOOSE","","20,539.75","Add YFI as a Collateral Type - October 12, 2020","Yes",""
"2020-10-08 16:00:00 011015864_000_000","FINAL_CHOICE","","20,539.75","Base Rate Adjustment - October 5, 2020","-2-10",""
"2020-10-08 16:00:00 011015864_000_000","FINAL_CHOICE","","20,539.75","Take a more Flexible and Transparent Approach to Collateral Onboarding  - October 5, 2020","Yes",""
"2020-10-08 15:57:36 011015856_055_000_0","CHOOSE","","20,539.75","Take a more Flexible and Transparent Approach to Collateral Onboarding  - October 5, 2020","Yes",""
"2020-10-07 05:57:55 011006833_144_001_1","UP-VOTE","","20,539.75","Raise the PAX-A Debt Ceiling and Reduce the Base Rate - October 2, 2020","",""
"2020-10-07 05:57:55 011006833_144_001_0","STAKE","1,356.00","20,539.75","","",""
"2020-10-06 05:49:09 011000395_017_000_0","CHOOSE","","19,183.75","Base Rate Adjustment - October 5, 2020","-2-10",""
"2020-10-05 16:00:00 010996683_000_000","FINAL_CHOICE","","19,183.75","Community Greenlight Poll - CGT (CACHE Gold) - September 21, 2020","No (Defer)",""
"2020-10-05 16:00:00 010996683_000_000","FINAL_CHOICE","","19,183.75","Community Greenlight Poll - ARCA (ArCoin) - September 21, 2020","Yes (Greenlight)",""
"2020-10-05 16:00:00 010996683_000_000","FINAL_CHOICE","","19,183.75","Community Greenlight Poll - renBCH (renBCH) - September 21, 2020","Yes (Greenlight)",""
"2020-10-05 16:00:00 010996683_000_000","FINAL_CHOICE","","19,183.75","Community Greenlight Poll - REINNO (REINNO) - September 21, 2020","No (Defer)",""
"2020-10-05 16:00:00 010996683_000_000","FINAL_CHOICE","","19,183.75","Community Greenlight Poll - CAT (ShuttleOne Credit Application Token) - September 21, 2020","Yes (Greenlight)",""
"2020-10-05 16:00:00 010996683_000_000","FINAL_CHOICE","","19,183.75","Community Greenlight Poll - MOONI-ETH-USDC (Mooniswap ETH-USDC Liquidity Pool) - September 21, 2020","No (Defer)",""
"2020-10-05 16:00:00 010996683_000_000","FINAL_CHOICE","","19,183.75","Community Greenlight Poll - cDAI (Compound DAI) - September 21, 2020","Yes (Greenlight)",""
"2020-10-05 16:00:00 010996683_000_000","FINAL_CHOICE","","19,183.75","Community Greenlight Poll - MOONI-ETH-USDT (Mooniswap ETH-USDT Liquidity Pool) - September 21, 2020","No (Defer)",""
"2020-10-05 16:00:00 010996683_000_000","FINAL_CHOICE","","19,183.75","Community Greenlight Poll - BAL (Balancer Token) - September 21, 2020","Yes (Greenlight)",""
"2020-10-05 16:00:00 010996683_000_000","FINAL_CHOICE","","19,183.75","Community Greenlight Poll - renZEC (renZEC) - September 21, 2020","Yes (Greenlight)",""
"2020-10-05 16:00:00 010996683_000_000","FINAL_CHOICE","","19,183.75","Community Greenlight Poll - MOONI-ETH-WBTC (Mooniswap ETH-WBTC Liquidity Pool) - September 21, 2020","No (Defer)",""
"2020-10-05 16:00:00 010996683_000_000","FINAL_CHOICE","","19,183.75","Community Greenlight Poll - YFI (yearn.finance) - September 21, 2020","Yes (Greenlight)",""
"2020-10-05 16:00:00 010996683_000_000","FINAL_CHOICE","","19,183.75","Community Greenlight Poll - UMA (UMA) - September 21, 2020","Yes (Greenlight)",""
"2020-10-03 05:39:11 010981118_038_001_1","UP-VOTE","","19,183.75","Raise the PAX-A Debt Ceiling and Reduce the Base Rate - October 2, 2020","",""
"2020-10-03 05:39:11 010981118_038_001_0","STAKE","694.83","19,183.75","","",""
"2020-10-02 17:09:12 010977842_056_000_1","VOTE","","18,488.92","Raise the PAX-A Debt Ceiling and Reduce the Base Rate - October 2, 2020","",""
"2020-10-02 17:09:12 010977842_056_000_0","MOVE VOTE","","18,488.92","Onboard USDT and PAX, Multiple other changes - September 4, 2020","",""
"2020-10-02 06:30:52 010975031_130_000_0","CHOOSE","","18,488.92","Community Greenlight Poll - CAT (ShuttleOne Credit Application Token) - September 21, 2020","Yes (Greenlight)",""
"2020-10-02 06:25:53 010975013_096_001_1","UP-VOTE","","18,488.92","Onboard USDT and PAX, Multiple other changes - September 4, 2020","",""
"2020-10-02 06:25:53 010975013_096_001_0","STAKE","1,425.00","18,488.92","","",""
"2020-10-01 16:00:00 010971080_000_000","FINAL_CHOICE","","17,063.92","Base Rate Adjustment - September 28, 2020","0",""
"2020-10-01 16:00:00 010971080_000_000","FINAL_CHOICE","","17,063.92","Adjust the PAXUSD-A Debt Ceiling - September 28, 2020","Yes",""
"2020-09-30 08:10:03 010962615_100_000_0","CHOOSE","","17,063.92","Community Greenlight Poll - MOONI-ETH-USDC (Mooniswap ETH-USDC Liquidity Pool) - September 21, 2020","No (Defer)",""
"2020-09-30 08:10:03 010962615_099_000_0","CHOOSE","","17,063.92","Community Greenlight Poll - MOONI-ETH-WBTC (Mooniswap ETH-WBTC Liquidity Pool) - September 21, 2020","No (Defer)",""
"2020-09-30 08:10:03 010962615_098_000_0","CHOOSE","","17,063.92","Community Greenlight Poll - MOONI-ETH-USDT (Mooniswap ETH-USDT Liquidity Pool) - September 21, 2020","No (Defer)",""
"2020-09-30 06:12:13 010962099_084_000_0","CHOOSE","","17,063.92","Community Greenlight Poll - cDAI (Compound DAI) - September 21, 2020","Yes (Greenlight)",""
"2020-09-30 05:53:17 010962017_149_000_0","CHOOSE","","17,063.92","Community Greenlight Poll - YFI (yearn.finance) - September 21, 2020","Yes (Greenlight)",""
"2020-09-30 05:44:50 010961986_142_000_0","CHOOSE","","17,063.92","Community Greenlight Poll - CGT (CACHE Gold) - September 21, 2020","No (Defer)",""
"2020-09-30 05:42:27 010961977_051_000_0","CHOOSE","","17,063.92","Community Greenlight Poll - ARCA (ArCoin) - September 21, 2020","Yes (Greenlight)",""
"2020-09-29 06:09:27 010955702_152_000_0","CHOOSE","","17,063.92","Base Rate Adjustment - September 28, 2020","0",""
"2020-09-29 06:09:27 010955702_151_000_0","CHOOSE","","17,063.92","Adjust the PAXUSD-A Debt Ceiling - September 28, 2020","Yes",""
"2020-09-29 06:09:27 010955702_150_000_0","CHOOSE","","17,063.92","Community Greenlight Poll - UMA (UMA) - September 21, 2020","Yes (Greenlight)",""
"2020-09-29 06:00:23 010955656_274_000_0","CHOOSE","","17,063.92","Community Greenlight Poll - BAL (Balancer Token) - September 21, 2020","Yes (Greenlight)",""
"2020-09-29 05:31:03 010955548_127_000_0","CHOOSE","","17,063.92","Community Greenlight Poll - renBCH (renBCH) - September 21, 2020","Yes (Greenlight)",""
"2020-09-29 05:29:02 010955538_098_000_0","CHOOSE","","17,063.92","Community Greenlight Poll - renZEC (renZEC) - September 21, 2020","Yes (Greenlight)",""
"2020-09-29 05:26:51 010955522_035_000_0","CHOOSE","","17,063.92","Community Greenlight Poll - REINNO (REINNO) - September 21, 2020","No (Defer)",""
"2020-09-05 16:04:52 010802392_106_000_1","VOTE","","17,063.92","Onboard USDT and PAX, Multiple other changes - September 4, 2020","","YES"
"2020-09-05 16:04:52 010802392_106_000_0","MOVE VOTE","","17,063.92","Increase the Base Rate","",""
"2020-08-31 16:00:00 010769637_000_000","FINAL_CHOICE","","17,063.92","MIP9 Community Greenlight Poll - TAUD (TrueAUD) - August 17, 2020","Yes (Greenlight)",""
"2020-08-31 16:00:00 010769637_000_000","FINAL_CHOICE","","17,063.92","MIP9 Community Greenlight Poll - TCAD (TrueCAD) - August 17, 2020","Yes (Greenlight)",""
"2020-08-31 16:00:00 010769637_000_000","FINAL_CHOICE","","17,063.92","MIP9 Community Greenlight Poll - UNI-V2-DAI-ETH (UniswapV2 Dai-Eth Liquidity Token) - August 17, 2020","Yes (Greenlight)",""
"2020-08-31 16:00:00 010769637_000_000","FINAL_CHOICE","","17,063.92","MIP9 Community Greenlight Poll - UNI-V2-USDC-ETH (UniswapV2 USDC-ETH Liquidity Token) - August 17, 2020","Yes (Greenlight)",""
"2020-08-31 16:00:00 010769637_000_000","FINAL_CHOICE","","17,063.92","MIP9 Community Greenlight Poll - CHI (Chi Gastoken) - August 17, 2020","No (Defer)",""
"2020-08-31 16:00:00 010769637_000_000","FINAL_CHOICE","","17,063.92","MIP9 Community Greenlight Poll - BUSD (Binance USD) - August 17, 2020","Yes (Greenlight)",""
"2020-08-31 16:00:00 010769637_000_000","FINAL_CHOICE","","17,063.92","MIP9 Community Greenlight Poll - HBTC (Huobi Global BTC) - August 17, 2020","Yes (Greenlight)",""
"2020-08-27 16:00:00 010743541_000_000","FINAL_CHOICE","","17,063.92","Add USDT as a Collateral Type - August 24, 2020","Yes",""
"2020-08-27 16:00:00 010743541_000_000","FINAL_CHOICE","","17,063.92","Base Rate Adjustment - August 24, 2020","-6",""
"2020-08-27 16:00:00 010743541_000_000","FINAL_CHOICE","","17,063.92","Add PAX as a Collateral Type - August 24, 2020","Yes",""
"2020-08-27 16:00:00 010743541_000_000","FINAL_CHOICE","","17,063.92","Adjust the WBTC-A Risk Premium - August 24, 2020","Yes",""
"2020-08-27 16:00:00 010743541_000_000","FINAL_CHOICE","","17,063.92","Adjust the USDC-A Debt Ceiling - August 24, 2020","Yes",""
"2020-08-25 19:04:29 010731384_083_000_0","CHOOSE","","17,063.92","Add USDT as a Collateral Type - August 24, 2020","Yes",""
"2020-08-25 18:57:33 010731354_077_000_0","CHOOSE","","17,063.92","Adjust the USDC-A Debt Ceiling - August 24, 2020","Yes",""
"2020-08-25 18:47:00 010731302_085_000_0","CHOOSE","","17,063.92","Base Rate Adjustment - August 24, 2020","-6",""
"2020-08-25 18:46:34 010731300_134_000_0","CHOOSE","","17,063.92","Add PAX as a Collateral Type - August 24, 2020","Yes",""
"2020-08-25 18:45:09 010731290_095_000_0","CHOOSE","","17,063.92","Adjust the WBTC-A Risk Premium - August 24, 2020","Yes",""
"2020-08-23 05:35:43 010714702_061_000_1","VOTE","","17,063.92","Increase the Base Rate","",""
"2020-08-23 05:35:43 010714702_061_000_0","MOVE VOTE","","17,063.92","Modify Multiple System Parameters","",""
"2020-08-23 05:31:42 010714686_096_000_0","CHOOSE","","17,063.92","MIP9 Community Greenlight Poll - CHI (Chi Gastoken) - August 17, 2020","No (Defer)",""
"2020-08-23 05:27:30 010714668_217_000_0","CHOOSE","","17,063.92","MIP9 Community Greenlight Poll - HBTC (Huobi Global BTC) - August 17, 2020","Yes (Greenlight)",""
"2020-08-23 05:26:41 010714665_131_000_0","CHOOSE","","17,063.92","MIP9 Community Greenlight Poll - TCAD (TrueCAD) - August 17, 2020","Yes (Greenlight)",""
"2020-08-23 05:25:54 010714663_189_000_0","CHOOSE","","17,063.92","MIP9 Community Greenlight Poll - BUSD (Binance USD) - August 17, 2020","Yes (Greenlight)",""
"2020-08-23 05:25:54 010714663_176_000_0","CHOOSE","","17,063.92","MIP9 Community Greenlight Poll - TAUD (TrueAUD) - August 17, 2020","Yes (Greenlight)",""
"2020-08-23 05:25:40 010714660_146_000_0","CHOOSE","","17,063.92","MIP9 Community Greenlight Poll - UNI-V2-DAI-ETH (UniswapV2 Dai-Eth Liquidity Token) - August 17, 2020","Yes (Greenlight)",""
"2020-08-23 05:24:33 010714654_164_000_0","CHOOSE","","17,063.92","MIP9 Community Greenlight Poll - UNI-V2-USDC-ETH (UniswapV2 USDC-ETH Liquidity Token) - August 17, 2020","Yes (Greenlight)",""
"2020-08-18 16:00:00 010684944_000_000","FINAL_CHOICE","","17,063.92","Adjust the ETH-A Debt Ceiling - August 17, 2020","Yes",""
"2020-08-17 16:15:05 010678551_144_000_0","CHOOSE","","17,063.92","Adjust the ETH-A Debt Ceiling - August 17, 2020","Yes",""
"2020-08-17 16:14:08 010678545_091_000_1","VOTE","","17,063.92","Modify Multiple System Parameters","",""
"2020-08-17 16:14:08 010678545_091_000_0","MOVE VOTE","","17,063.92","Fix the WBTC-A debt ceiling","",""
"2020-08-13 16:00:00 010652551_000_000","FINAL_CHOICE","","17,063.92","Liquidations 1.2 Upgrade - August 10, 2020","Yes",""
"2020-08-13 16:00:00 010652551_000_000","FINAL_CHOICE","","17,063.92","Base Rate Adjustment - August 10, 2020","-6",""
"2020-08-13 16:00:00 010652551_000_000","FINAL_CHOICE","","17,063.92","Increase the Surplus Auction Buffer to 2 Million DAI - August 10, 2020","Yes",""
"2020-08-13 16:00:00 010652551_000_000","FINAL_CHOICE","","17,063.92","Adjust the Dust Parameter - August 10, 2020","No",""
"2020-08-13 16:00:00 010652551_000_000","FINAL_CHOICE","","17,063.92","Adjust the BAT-A Risk Premium - August 10, 2020","Yes",""
"2020-08-13 16:00:00 010652551_000_000","FINAL_CHOICE","","17,063.92","MIP10c15-SP6 Governance Poll to Appoint MyCrypto as Oracle Light Feed - August 10, 2020","Yes",""
"2020-08-13 16:00:00 010652551_000_000","FINAL_CHOICE","","17,063.92","Inclusion Poll for MIP12c2-SP4 - LRC Collateral Onboarding - August 10, 2020","No",""
"2020-08-11 09:52:10 010637934_130_000_0","CHOOSE","","17,063.92","Adjust the BAT-A Risk Premium - August 10, 2020","Yes",""
"2020-08-11 09:50:53 010637929_087_000_0","CHOOSE","","17,063.92","Base Rate Adjustment - August 10, 2020","-6",""
"2020-08-11 09:49:58 010637925_068_000_0","CHOOSE","","17,063.92","Increase the Surplus Auction Buffer to 2 Million DAI - August 10, 2020","Yes",""
"2020-08-11 09:48:48 010637918_119_000_0","CHOOSE","","17,063.92","Inclusion Poll for MIP12c2-SP4 - LRC Collateral Onboarding - August 10, 2020","No",""
"2020-08-11 09:44:32 010637898_051_000_0","CHOOSE","","17,063.92","MIP10c15-SP6 Governance Poll to Appoint MyCrypto as Oracle Light Feed - August 10, 2020","Yes",""
"2020-08-11 09:42:20 010637888_139_000_0","CHOOSE","","17,063.92","Liquidations 1.2 Upgrade - August 10, 2020","Yes",""
"2020-08-11 09:39:49 010637879_060_000_0","CHOOSE","","17,063.92","Adjust the Dust Parameter - August 10, 2020","No",""
"2020-08-09 07:17:28 010624294_091_000_1","VOTE","","17,063.92","Fix the WBTC-A debt ceiling","",""
"2020-08-09 07:17:28 010624294_091_000_0","MOVE VOTE","","17,063.92","Reduce the Base Rate, Whitelist DyDx on the ETHUSD Oracle","",""
"2020-08-03 16:00:00 010587757_000_000","FINAL_CHOICE","","17,063.92","MIP9 Community Greenlight Poll - AMPL (Ampleforth Token) - July 20, 2020","No (Defer)",""
"2020-08-03 16:00:00 010587757_000_000","FINAL_CHOICE","","17,063.92","MIP9 Community Greenlight Poll - HUSD - July 20, 2020","Yes (Greenlight)",""
"2020-08-03 16:00:00 010587757_000_000","FINAL_CHOICE","","17,063.92","MIP9 Community Greenlight Poll - BNT (Bancor Network Token) - July 20, 2020","Yes (Greenlight)",""
"2020-08-03 16:00:00 010587757_000_000","FINAL_CHOICE","","17,063.92","MIP9 Community Greenlight Poll - COMP (Compound) - July 20, 2020","Yes (Greenlight)",""
"2020-08-03 16:00:00 010587757_000_000","FINAL_CHOICE","","17,063.92","MIP9 Community Greenlight Poll - USDT (Tether USD ERC20) - July 20, 2020","Yes (Greenlight)",""
"2020-08-03 16:00:00 010587757_000_000","FINAL_CHOICE","","17,063.92","MIP9 Community Greenlight Poll - EURS (Stasis Euro) - July 20, 2020","Yes (Greenlight)",""
"2020-08-03 16:00:00 010587757_000_000","FINAL_CHOICE","","17,063.92","MIP9 Community Greenlight Poll - WiV - July 20, 2020","No (Defer)",""
"2020-08-03 16:00:00 010587757_000_000","FINAL_CHOICE","","17,063.92","MIP9 Community Greenlight Poll - LRC (Loopring Token) - July 20, 2020","Yes (Greenlight)",""
"2020-08-03 16:00:00 010587757_000_000","FINAL_CHOICE","","17,063.92","MIP9 Community Greenlight Poll - C20 (Crypto20) - July 20, 2020","No (Defer)",""
"2020-08-03 16:00:00 010587757_000_000","FINAL_CHOICE","","17,063.92","MIP9 Community Greenlight Poll - PAX (Paxos Standard) - July 20, 2020","Yes (Greenlight)",""
"2020-08-01 05:40:08 010571962_165_000_1","VOTE","","17,063.92","Reduce the Base Rate, Whitelist DyDx on the ETHUSD Oracle","",""
"2020-08-01 05:40:08 010571962_165_000_0","MOVE VOTE","","17,063.92","Increase the ETH-A, USDC-A, USDC-B, W-BTC, BAT-A debt ceilings","",""
"2020-07-30 16:00:00 010561870_000_000","FINAL_CHOICE","","17,063.92","Base Rate Adjustment - July 27, 2020","0",""
"2020-07-30 16:00:00 010561870_000_000","FINAL_CHOICE","","17,063.92","Adjust the TUSD Debt Ceiling - July 27, 2020","Yes",""
"2020-07-30 16:00:00 010561870_000_000","FINAL_CHOICE","","17,063.92","MIP10c9-SP5 Governance Poll to Whitelist dYdX on ETHUSD Oracle - July 27, 2020","Yes",""
"2020-07-30 16:00:00 010561870_000_000","FINAL_CHOICE","","17,063.92","Adjust the WBTC Debt Ceiling - July 27, 2020","Yes",""
"2020-07-30 06:18:16 010559319_145_000_1","VOTE","","17,063.92","Increase the ETH-A, USDC-A, USDC-B, W-BTC, BAT-A debt ceilings","",""
"2020-07-30 06:18:16 010559319_145_000_0","MOVE VOTE","","17,063.92","Approve Monthly Governance Cycle Bundle, Increase the ETH-A debt ceiling","",""
"2020-07-29 07:11:34 010553048_060_000_0","CHOOSE","","17,063.92","Adjust the WBTC Debt Ceiling - July 27, 2020","Yes",""
"2020-07-29 07:08:35 010553039_045_000_0","CHOOSE","","17,063.92","MIP10c9-SP5 Governance Poll to Whitelist dYdX on ETHUSD Oracle - July 27, 2020","Yes",""
"2020-07-29 07:07:29 010553034_137_000_0","CHOOSE","","17,063.92","Base Rate Adjustment - July 27, 2020","0",""
"2020-07-29 07:06:32 010553030_191_000_0","CHOOSE","","17,063.92","Adjust the TUSD Debt Ceiling - July 27, 2020","Yes",""
"2020-07-28 05:24:49 010546068_189_000_1","VOTE","","17,063.92","Approve Monthly Governance Cycle Bundle, Increase the ETH-A debt ceiling","",""
"2020-07-28 05:24:49 010546068_189_000_0","MOVE VOTE","","17,063.92","0x261cacc129fefbff9bff0a4d8e962a0a49a72bdc","",""
"2020-07-23 16:00:00 010516637_000_000","FINAL_CHOICE","","17,063.92","Monthly MIPs Governance Poll - July 20, 2020","Yes",""
"2020-07-23 16:00:00 010516637_000_000","FINAL_CHOICE","","17,063.92","Base Rate Adjustment - July 20, 2020","0-0.5",""
"2020-07-23 16:00:00 010516637_000_000","FINAL_CHOICE","","17,063.92","Dai Savings Rate Spread Adjustment - July 20, 2020","0",""
"2020-07-23 16:00:00 010516637_000_000","FINAL_CHOICE","","17,063.92","PSM Implementation Poll - July 20, 2020","Yes",""
"2020-07-23 16:00:00 010516637_000_000","FINAL_CHOICE","","17,063.92","MIP10c15-SP5 Governance Poll to Appoint Argent as Oracle Light Feed - July 20, 2020","Yes",""
"2020-07-21 05:40:44 010500979_130_000_0","CHOOSE","","17,063.92","MIP10c15-SP5 Governance Poll to Appoint Argent as Oracle Light Feed - July 20, 2020","Yes",""
"2020-07-21 05:34:48 010500952_062_000_0","CHOOSE","","17,063.92","PSM Implementation Poll - July 20, 2020","Yes",""
"2020-07-21 05:31:52 010500930_059_000_1","CHOOSE","","17,063.92","Base Rate Adjustment - July 20, 2020","0-0.5",""
"2020-07-21 05:31:52 010500930_059_000_0","RETRACT","","17,063.92","Base Rate Adjustment - July 20, 2020","",""
"2020-07-21 05:31:01 010500926_157_000_0","CHOOSE","","17,063.92","Dai Savings Rate Spread Adjustment - July 20, 2020","0",""
"2020-07-21 05:30:33 010500924_192_000_0","CHOOSE","","17,063.92","Base Rate Adjustment - July 20, 2020","0",""
"2020-07-21 05:29:13 010500914_058_000_0","CHOOSE","","17,063.92","MIP9 Community Greenlight Poll - C20 (Crypto20) - July 20, 2020","No (Defer)",""
"2020-07-21 05:28:47 010500913_211_000_0","CHOOSE","","17,063.92","MIP9 Community Greenlight Poll - EURS (Stasis Euro) - July 20, 2020","Yes (Greenlight)",""
"2020-07-21 05:26:51 010500903_127_000_0","CHOOSE","","17,063.92","Monthly MIPs Governance Poll - July 20, 2020","Yes",""
"2020-07-21 05:25:50 010500901_207_000_0","CHOOSE","","17,063.92","MIP9 Community Greenlight Poll - HUSD - July 20, 2020","Yes (Greenlight)",""
"2020-07-21 05:24:47 010500897_075_000_0","CHOOSE","","17,063.92","MIP9 Community Greenlight Poll - AMPL (Ampleforth Token) - July 20, 2020","No (Defer)",""
"2020-07-21 05:24:25 010500896_197_000_0","CHOOSE","","17,063.92","MIP9 Community Greenlight Poll - PAX (Paxos Standard) - July 20, 2020","Yes (Greenlight)",""
"2020-07-21 05:23:45 010500894_131_000_0","CHOOSE","","17,063.92","MIP9 Community Greenlight Poll - BNT (Bancor Network Token) - July 20, 2020","Yes (Greenlight)",""
"2020-07-21 05:23:33 010500892_132_000_0","CHOOSE","","17,063.92","MIP9 Community Greenlight Poll - LRC (Loopring Token) - July 20, 2020","Yes (Greenlight)",""
"2020-07-21 05:21:15 010500878_053_000_0","CHOOSE","","17,063.92","MIP9 Community Greenlight Poll - COMP (Compound) - July 20, 2020","Yes (Greenlight)",""
"2020-07-21 05:19:46 010500872_119_000_0","CHOOSE","","17,063.92","MIP9 Community Greenlight Poll - USDT (Tether USD ERC20) - July 20, 2020","Yes (Greenlight)",""
"2020-07-21 05:17:44 010500866_094_000_0","CHOOSE","","17,063.92","MIP9 Community Greenlight Poll - WiV - July 20, 2020","No (Defer)",""
"2020-07-21 05:14:34 010500851_025_000_1","VOTE","","17,063.92","0x261cacc129fefbff9bff0a4d8e962a0a49a72bdc","",""
"2020-07-21 05:14:34 010500851_025_000_0","MOVE VOTE","","17,063.92","0xae6edd381095e5c110a274ffc80871c72949795a","",""
"2020-07-19 16:13:49 010490975_117_000_1","VOTE","","17,063.92","0xae6edd381095e5c110a274ffc80871c72949795a","",""
"2020-07-19 16:13:49 010490975_117_000_0","MOVE VOTE","","17,063.92","0x261086981fc6c57ef4679af6ac253c3755850362","",""
"2020-07-16 16:00:00 010471458_000_000","FINAL_CHOICE","","17,063.92","Vault Compensation Plan Approval Poll","Yes",""
"2020-07-16 16:00:00 010471458_000_000","FINAL_CHOICE","","17,063.92","Base Rate Adjustment - July 13, 2020","0",""
"2020-07-13 18:54:19 010452941_040_000_0","CHOOSE","","17,063.92","Base Rate Adjustment - July 13, 2020","0",""
"2020-07-13 18:41:38 010452887_071_000_0","CHOOSE","","17,063.92","Vault Compensation Plan Approval Poll","Yes",""
"2020-07-09 16:00:00 010426227_000_000","FINAL_CHOICE","","17,063.92","Base Rate Adjustment - July 6, 2020","00.25",""
"2020-07-09 16:00:00 010426227_000_000","FINAL_CHOICE","","17,063.92","Dai Savings Rate Spread Adjustment - July 6, 2020","00.25",""
"2020-07-09 05:56:10 010423560_201_000_0","CHOOSE","","17,063.92","Dai Savings Rate Spread Adjustment - July 6, 2020","00.25",""
"2020-07-09 05:54:07 010423549_234_000_0","CHOOSE","","17,063.92","Base Rate Adjustment - July 6, 2020","00.25",""
"2020-07-06 16:00:00 010406830_000_000","FINAL_CHOICE","","17,063.92","Should we add WKT to the Maker Protocol? - June 22, 2020","Yes",""
"2020-07-06 16:00:00 010406830_000_000","FINAL_CHOICE","","17,063.92","Should we add LEND to the Maker Protocol? - June 22, 2020","No",""
"2020-07-06 16:00:00 010406830_000_000","FINAL_CHOICE","","17,063.92","Should we add PAXG to the Maker Protocol? - June 22, 2020","Yes",""
"2020-07-06 16:00:00 010406830_000_000","FINAL_CHOICE","","17,063.92","Should we add ENJ to the Maker Protocol? - June 22, 2020","No",""
"2020-07-06 16:00:00 010406830_000_000","FINAL_CHOICE","","17,063.92","Should we add LINK to the Maker Protocol? - June 22, 2020","Yes",""
"2020-07-06 16:00:00 010406830_000_000","FINAL_CHOICE","","17,063.92","Should we add KNC to the Maker Protocol? - June 22, 2020","Yes",""
"2020-07-06 16:00:00 010406830_000_000","FINAL_CHOICE","","17,063.92","Should we add MATIC to the Maker Protocol? - June 22, 2020","No",""
"2020-07-02 16:00:00 010380948_000_000","FINAL_CHOICE","","17,063.92","Adjust the WBTC Debt Ceiling and Risk Premium - June 29, 2020","Yes",""
"2020-07-02 16:00:00 010380948_000_000","FINAL_CHOICE","","17,063.92","Base Rate Adjustment - June 29, 2020","00.25",""
"2020-07-01 05:31:57 010371695_151_000_0","CHOOSE","","17,063.92","Adjust the WBTC Debt Ceiling and Risk Premium - June 29, 2020","Yes",""
"2020-07-01 05:29:42 010371683_028_000_0","CHOOSE","","17,063.92","Base Rate Adjustment - June 29, 2020","00.25",""
"2020-06-25 16:00:00 010335864_000_000","FINAL_CHOICE","","17,063.92","Dai Savings Rate Spread Adjustment - June 22, 2020","00.25",""
"2020-06-25 16:00:00 010335864_000_000","FINAL_CHOICE","","17,063.92","Base Rate Adjustment - June 22, 2020","00.25",""
"2020-06-24 18:44:08 010330210_190_000_0","CHOOSE","","17,063.92","Should we add ENJ to the Maker Protocol? - June 22, 2020","No",""
"2020-06-24 18:41:39 010330201_085_000_0","CHOOSE","","17,063.92","Should we add MATIC to the Maker Protocol? - June 22, 2020","No",""
"2020-06-24 18:40:08 010330196_098_000_0","CHOOSE","","17,063.92","Should we add LEND to the Maker Protocol? - June 22, 2020","No",""
"2020-06-24 18:38:56 010330187_070_000_0","CHOOSE","","17,063.92","Should we add WKT to the Maker Protocol? - June 22, 2020","Yes",""
"2020-06-24 18:36:26 010330176_106_000_0","CHOOSE","","17,063.92","Should we add PAXG to the Maker Protocol? - June 22, 2020","Yes",""
"2020-06-24 18:35:37 010330172_065_000_0","CHOOSE","","17,063.92","Should we add LINK to the Maker Protocol? - June 22, 2020","Yes",""
"2020-06-24 18:34:23 010330166_042_000_0","CHOOSE","","17,063.92","Dai Savings Rate Spread Adjustment - June 22, 2020","00.25",""
"2020-06-24 18:33:15 010330158_032_000_0","CHOOSE","","17,063.92","Base Rate Adjustment - June 22, 2020","00.25",""
"2020-06-24 18:31:27 010330149_106_000_0","CHOOSE","","17,063.92","Should we add KNC to the Maker Protocol? - June 22, 2020","Yes",""
"2020-06-14 06:47:35 010262354_039_000_1","VOTE","","17,063.92","0x261086981fc6c57ef4679af6ac253c3755850362","",""
"2020-06-14 06:47:35 010262354_039_000_0","MOVE VOTE","","17,063.92","0x43aac7f1b47ff29d33dec14dcaa7901d1bb8c006","",""
"2020-06-11 16:00:00 010245327_000_000","FINAL_CHOICE","","17,063.92","Base Rate Adjustment - June 8, 2020","0",""
"2020-06-11 16:00:00 010245327_000_000","FINAL_CHOICE","","17,063.92","Dai Savings Rate Spread Adjustment - June 8, 2020","00.25",""
"2020-06-11 16:00:00 010245327_000_000","FINAL_CHOICE","","17,063.92","MIP4c2-SP3: Inclusion Poll for MIP9 Amendments - June 8, 2020","Yes",""
"2020-06-11 16:00:00 010245327_000_000","FINAL_CHOICE","","17,063.92","MIP13: Inclusion Poll for Declarations of Intent - June 8, 2020","Yes",""
"2020-06-11 16:00:00 010245327_000_000","FINAL_CHOICE","","17,063.92","MIP4c2-SP4: Inclusion Poll for MIP12 Amendments - June 8, 2020","Yes",""
"2020-06-09 06:22:36 010229891_224_000_1","CHOOSE","","17,063.92","Dai Savings Rate Spread Adjustment - June 8, 2020","00.25",""
"2020-06-09 06:22:36 010229891_224_000_0","RETRACT","","17,063.92","Dai Savings Rate Spread Adjustment - June 8, 2020","",""
"2020-06-09 06:19:36 010229879_105_000_0","CHOOSE","","17,063.92","MIP13: Inclusion Poll for Declarations of Intent - June 8, 2020","Yes",""
"2020-06-09 06:16:26 010229866_022_000_0","CHOOSE","","17,063.92","MIP4c2-SP4: Inclusion Poll for MIP12 Amendments - June 8, 2020","Yes",""
"2020-06-09 06:13:29 010229844_076_000_0","CHOOSE","","17,063.92","Dai Savings Rate Spread Adjustment - June 8, 2020","0",""
"2020-06-09 06:11:25 010229836_025_000_0","CHOOSE","","17,063.92","Base Rate Adjustment - June 8, 2020","0",""
"2020-06-09 06:11:25 010229836_024_000_0","CHOOSE","","17,063.92","MIP4c2-SP3: Inclusion Poll for MIP9 Amendments - June 8, 2020","Yes",""
"2020-06-08 16:00:00 010226060_000_000","FINAL_CHOICE","","17,063.92","Should we add CHZ to the Maker Protocol? - May 25, 2020","Yes",""
"2020-06-08 16:00:00 010226060_000_000","FINAL_CHOICE","","17,063.92","Should we add FIAT to the Maker Protocol? - May 25, 2020","Yes",""
"2020-06-08 16:00:00 010226060_000_000","FINAL_CHOICE","","17,063.92","Should we add FTM to the Maker Protocol? - May 25, 2020","No",""
"2020-06-08 16:00:00 010226060_000_000","FINAL_CHOICE","","17,063.92","Should we add DMM to the Maker Protocol? - May 25, 2020","Yes",""
"2020-06-08 16:00:00 010226060_000_000","FINAL_CHOICE","","17,063.92","Should we add MANA to the Maker Protocol? - May 25, 2020","Yes",""
"2020-06-08 16:00:00 010226060_000_000","FINAL_CHOICE","","17,063.92","Should we add ZRX to the Maker Protocol? - May 25, 2020","Yes",""
"2020-06-08 16:00:00 010226060_000_000","FINAL_CHOICE","","17,063.92","Should we add PC-DROP to the Maker Protocol? - May 25, 2020","Yes",""
"2020-06-04 16:00:00 010200264_000_000","FINAL_CHOICE","","17,063.92","Should Monetary Policy Votes Use Ranked Choice Voting? - June 01, 2020","Yes",""
"2020-06-04 16:00:00 010200264_000_000","FINAL_CHOICE","","17,063.92","Base Rate Adjustment - June 1, 2020","0",""
"2020-06-04 16:00:00 010200264_000_000","FINAL_CHOICE","","17,063.92","Debt Ceiling Adjustment - June 1, 2020","Yes",""
"2020-06-04 06:25:20 010197679_152_000_0","CHOOSE","","17,063.92","Base Rate Adjustment - June 1, 2020","0",""
"2020-06-04 06:22:47 010197664_123_000_0","CHOOSE","","17,063.92","Should Monetary Policy Votes Use Ranked Choice Voting? - June 01, 2020","Yes",""
"2020-06-04 06:19:49 010197652_073_000_0","CHOOSE","","17,063.92","Debt Ceiling Adjustment - June 1, 2020","Yes",""
"2020-05-31 06:18:21 010171901_065_000_1","VOTE","","17,063.92","0x43aac7f1b47ff29d33dec14dcaa7901d1bb8c006","",""
"2020-05-31 06:18:21 010171901_065_000_0","MOVE VOTE","","17,063.92","0xdb20f2e864bfb7658ae78383d55ad4b488851fe4","",""
"2020-05-28 16:00:00 010155179_000_000","FINAL_CHOICE","","17,063.92","Add TUSD as a Collateral Type - May 25, 2020","Yes",""
"2020-05-28 16:00:00 010155179_000_000","FINAL_CHOICE","","17,063.92","Dai Savings Rate Spread Adjustment - May 25, 2020","0",""
"2020-05-28 16:00:00 010155179_000_000","FINAL_CHOICE","","17,063.92","Should we add TUSD to the Maker Protocol? - May 25, 2020","Yes",""
"2020-05-28 16:00:00 010155179_000_000","FINAL_CHOICE","","17,063.92","Base Rate Adjustment - May 25, 2020","0",""
"2020-05-28 16:00:00 010155179_000_000","FINAL_CHOICE","","17,063.92","Add USDC-B as a Collateral Type - May 25, 2020","Yes",""
"2020-05-27 06:07:35 010146118_149_000_0","CHOOSE","","17,063.92","Should we add MANA to the Maker Protocol? - May 25, 2020","Yes",""
"2020-05-26 08:48:04 010140324_140_000_0","CHOOSE","","17,063.92","Should we add CHZ to the Maker Protocol? - May 25, 2020","Yes",""
"2020-05-26 08:41:10 010140292_152_000_1","CHOOSE","","17,063.92","Should we add DMM to the Maker Protocol? - May 25, 2020","Yes",""
"2020-05-26 08:41:10 010140292_152_000_0","RETRACT","","17,063.92","Should we add DMM to the Maker Protocol? - May 25, 2020","",""
"2020-05-26 06:20:51 010139698_110_000_0","CHOOSE","","17,063.92","Dai Stability Fee Adjustment - May 18, 2020","0",""
"2020-05-26 06:16:11 010139673_144_000_0","CHOOSE","","17,063.92","Should we add ZRX to the Maker Protocol? - May 25, 2020","Yes",""
"2020-05-26 06:14:30 010139668_194_000_1","CHOOSE","","17,063.92","Should we add PC-DROP to the Maker Protocol? - May 25, 2020","Yes",""
"2020-05-26 06:14:30 010139668_194_000_0","RETRACT","","17,063.92","Should we add PC-DROP to the Maker Protocol? - May 25, 2020","",""
"2020-05-26 06:08:41 010139638_155_000_0","CHOOSE","","17,063.92","Should we add FIAT to the Maker Protocol? - May 25, 2020","Yes",""
"2020-05-26 06:04:55 010139624_078_000_0","CHOOSE","","17,063.92","Should we add DMM to the Maker Protocol? - May 25, 2020","No",""
"2020-05-26 06:03:36 010139620_108_000_0","CHOOSE","","17,063.92","Should we add FTM to the Maker Protocol? - May 25, 2020","No",""
"2020-05-26 06:00:34 010139610_019_000_0","CHOOSE","","17,063.92","Should we add PC-DROP to the Maker Protocol? - May 25, 2020","No",""
"2020-05-26 05:59:14 010139601_054_000_0","CHOOSE","","17,063.92","Dai Savings Rate Spread Adjustment - May 25, 2020","0",""
"2020-05-26 05:57:55 010139597_229_000_0","CHOOSE","","17,063.92","Base Rate Adjustment - May 25, 2020","0",""
"2020-05-26 05:55:40 010139584_098_000_0","CHOOSE","","17,063.92","Add USDC-B as a Collateral Type - May 25, 2020","Yes",""
"2020-05-26 05:54:02 010139578_108_000_0","CHOOSE","","17,063.92","Add TUSD as a Collateral Type - May 25, 2020","Yes",""
"2020-05-26 05:52:20 010139572_125_000_0","CHOOSE","","17,063.92","Should we add TUSD to the Maker Protocol? - May 25, 2020","Yes",""
"2020-05-23 06:13:26 010120425_107_000_0","VOTE","","17,063.92","0xdb20f2e864bfb7658ae78383d55ad4b488851fe4","",""
"2020-05-14 16:00:00 010065264_000_000","FINAL_CHOICE","","17,063.92","Dai Savings Rate Spread Adjustment - May 11, 2020","0",""
"2020-05-14 16:00:00 010065264_000_000","FINAL_CHOICE","","17,063.92","WBTC Stability Fee Adjustment - May 11, 2020","0",""
"2020-05-14 16:00:00 010065264_000_000","FINAL_CHOICE","","17,063.92","USDC Stability Fee Adjustment - May 11, 2020","0",""
"2020-05-14 05:56:53 010062501_051_000_0","MOVE VOTE","","17,063.92","0xd0dd71814cc2185c3092a477217c9d64e7f3a38e","",""
"2020-05-14 05:33:26 010062408_075_000_0","CHOOSE","","17,063.92","USDC Stability Fee Adjustment - May 11, 2020","0",""
"2020-05-14 05:32:24 010062401_160_000_0","CHOOSE","","17,063.92","WBTC Stability Fee Adjustment - May 11, 2020","0",""
"2020-05-14 05:31:09 010062396_112_000_0","CHOOSE","","17,063.92","Dai Savings Rate Spread Adjustment - May 11, 2020","0",""
"2020-05-09 05:56:49 010030265_071_000_0","VOTE","","17,063.92","0xd0dd71814cc2185c3092a477217c9d64e7f3a38e","",""
"2020-05-09 05:48:03 010030235_169_000_0","MOVE VOTE","","17,063.92","0x872c49c9e90e4ac7f84452ca52161fddc849246e","",""
"2020-05-02 13:33:49 009987047_051_000_0","VOTE","","17,063.92","0x872c49c9e90e4ac7f84452ca52161fddc849246e","",""
"2020-05-01 13:00:00 009980461_000_000","FINAL_CHOICE","","17,063.92","Add WBTC as a Collateral Type - April 28, 2020","Yes",""
"2020-04-30 16:00:00 009974882_000_000","FINAL_CHOICE","","17,063.92","USDC Stability Fee Adjustment - April 27, 2020","4",""
"2020-04-30 16:00:00 009974882_000_000","FINAL_CHOICE","","17,063.92","Dai Savings Rate Spread Adjustment - April 27, 2020","0",""
"2020-04-30 16:00:00 009974882_000_000","FINAL_CHOICE","","17,063.92","Debt Ceiling Adjustments - April 27, 2020","Yes",""
"2020-04-30 16:00:00 009974882_000_000","FINAL_CHOICE","","17,063.92","Dai Stability Fee Adjustment - April 27, 2020","0",""
"2020-04-29 05:46:43 009965661_136_000_0","MOVE VOTE","","17,063.92","0x3526a5858aa91c058a7084ae8ab6d323d2baebb8","",""
"2020-04-29 05:44:43 009965649_017_000_0","CHOOSE","","17,063.92","Add WBTC as a Collateral Type - April 28, 2020","Yes",""
"2020-04-28 08:20:03 009959846_190_000_0","CHOOSE","","17,063.92","Dai Savings Rate Spread Adjustment - April 27, 2020","0",""
"2020-04-28 08:18:53 009959839_064_000_0","CHOOSE","","17,063.92","Dai Stability Fee Adjustment - April 27, 2020","0",""
"2020-04-28 05:40:04 009959130_056_000_0","CHOOSE","","17,063.92","USDC Stability Fee Adjustment - April 27, 2020","4",""
"2020-04-28 05:37:02 009959117_025_000_0","CHOOSE","","17,063.92","Debt Ceiling Adjustments - April 27, 2020","Yes",""
"2020-04-25 09:48:02 009940910_146_000_1","VOTE","","17,063.92","0x3526a5858aa91c058a7084ae8ab6d323d2baebb8","",""
"2020-04-25 09:48:02 009940910_146_000_0","MOVE VOTE","","17,063.92","0x127b47d30d293afe05f3e17e4966ed4109d4bb30","",""
"2020-04-24 06:07:56 009933517_096_001_1","UP-VOTE","","17,063.92","0x127b47d30d293afe05f3e17e4966ed4109d4bb30","",""
"2020-04-24 06:07:56 009933517_096_001_0","STAKE","300.00","17,063.92","","",""
"2020-04-23 16:00:00 009929683_000_000","FINAL_CHOICE","","16,763.92","Adjust the Governance Security Module - April 20, 2020","12 Hours",""
"2020-04-23 16:00:00 009929683_000_000","FINAL_CHOICE","","16,763.92","MKR Oracle Deactivation in SCD - April 20th, 2020","Yes",""
"2020-04-23 16:00:00 009929683_000_000","FINAL_CHOICE","","16,763.92","Oracles - Create BTC/USD Oracle + Whitelist Set Protocol and dYdX - April 20, 2020","Yes",""
"2020-04-23 16:00:00 009929683_000_000","FINAL_CHOICE","","16,763.92","Oracles - Whitelist Set Protocol on ETH/USD Oracle - April 20, 2020","Yes",""
"2020-04-23 16:00:00 009929683_000_000","FINAL_CHOICE","","16,763.92","USDC Stability Fee Adjustment - April 20, 2020","8",""
"2020-04-23 16:00:00 009929683_000_000","FINAL_CHOICE","","16,763.92","Oracles - Create ETH/BTC Oracle + Whitelist tBTC - April 20, 2020","Yes",""
"2020-04-23 16:00:00 009929683_000_000","FINAL_CHOICE","","16,763.92","Dai Stability Fee Adjustment - April 20, 2020","0",""
"2020-04-23 16:00:00 009929683_000_000","FINAL_CHOICE","","16,763.92","Sai Stability Fee Adjustment - April 20, 2020","8.5",""
"2020-04-21 06:00:08 009914080_030_000_0","CHOOSE","","16,763.92","MKR Oracle Deactivation in SCD - April 20th, 2020","Yes",""
"2020-04-21 05:58:15 009914068_167_000_0","CHOOSE","","16,763.92","Adjust the Governance Security Module - April 20, 2020","12 Hours",""
"2020-04-21 05:55:50 009914057_110_000_0","CHOOSE","","16,763.92","Dai Stability Fee Adjustment - April 20, 2020","0",""
"2020-04-21 05:45:35 009914004_142_000_0","CHOOSE","","16,763.92","USDC Stability Fee Adjustment - April 20, 2020","8",""
"2020-04-21 05:42:51 009913998_063_000_0","CHOOSE","","16,763.92","Oracles - Create ETH/BTC Oracle + Whitelist tBTC - April 20, 2020","Yes",""
"2020-04-21 05:38:29 009913973_069_000_0","CHOOSE","","16,763.92","Oracles - Whitelist Set Protocol on ETH/USD Oracle - April 20, 2020","Yes",""
"2020-04-21 05:35:03 009913958_029_000_0","CHOOSE","","16,763.92","Sai Stability Fee Adjustment - April 20, 2020","8.5",""
"2020-04-21 05:32:04 009913945_070_000_0","CHOOSE","","16,763.92","Oracles - Create BTC/USD Oracle + Whitelist Set Protocol and dYdX - April 20, 2020","Yes",""
"2020-04-18 06:18:03 009894787_198_000_1","VOTE","","16,763.92","0x127b47d30d293afe05f3e17e4966ed4109d4bb30","",""
"2020-04-18 06:18:03 009894787_198_000_0","MOVE VOTE","","16,763.92","0x9ab3ae47965ab3553075e8f86afc3fdfd705202f","",""
"2020-04-16 16:00:00 009884451_000_000","FINAL_CHOICE","","16,763.92","USDC Stability Fee Adjustment - April 13, 2020","8",""
"2020-04-16 16:00:00 009884451_000_000","FINAL_CHOICE","","16,763.92","Dai Savings Rate Spread Adjustment - April 13, 2020","0",""
"2020-04-16 16:00:00 009884451_000_000","FINAL_CHOICE","","16,763.92","Dai Stability Fee Adjustment - April 13, 2020","0",""
"2020-04-16 16:00:00 009884451_000_000","FINAL_CHOICE","","16,763.92","Sai Stability Fee Adjustment - April 13, 2020","8.5",""
"2020-04-16 06:06:16 009881772_128_000_1","CHOOSE","","16,763.92","Dai Stability Fee Adjustment - April 13, 2020","0",""
"2020-04-16 06:06:16 009881772_128_000_0","RETRACT","","16,763.92","Dai Stability Fee Adjustment - April 13, 2020","",""
"2020-04-16 06:04:56 009881768_194_000_1","CHOOSE","","16,763.92","Dai Savings Rate Spread Adjustment - April 13, 2020","0",""
"2020-04-16 06:04:56 009881768_194_000_0","RETRACT","","16,763.92","Dai Savings Rate Spread Adjustment - April 13, 2020","",""
"2020-04-16 05:36:33 009881632_073_000_1","CHOOSE","","16,763.92","USDC Stability Fee Adjustment - April 13, 2020","8",""
"2020-04-16 05:36:33 009881632_073_000_0","RETRACT","","16,763.92","USDC Stability Fee Adjustment - April 13, 2020","",""
"2020-04-13 18:18:13 009865577_024_000_1","CHOOSE","","16,763.92","Dai Savings Rate Spread Adjustment - April 13, 2020","0.25",""
"2020-04-13 18:18:13 009865577_024_000_0","RETRACT","","16,763.92","Dai Savings Rate Spread Adjustment - April 13, 2020","",""
"2020-04-13 18:16:16 009865572_169_000_0","CHOOSE","","16,763.92","Dai Stability Fee Adjustment - April 13, 2020","0.5",""
"2020-04-13 18:14:54 009865569_025_000_0","CHOOSE","","16,763.92","Dai Savings Rate Spread Adjustment - April 13, 2020","0.5",""
"2020-04-13 18:09:12 009865543_197_000_0","CHOOSE","","16,763.92","USDC Stability Fee Adjustment - April 13, 2020","10",""
"2020-04-13 18:08:50 009865542_099_000_0","CHOOSE","","16,763.92","Sai Stability Fee Adjustment - April 13, 2020","8.5",""
"2020-04-13 16:00:00 009864955_000_000","FINAL_CHOICE","","16,763.92","Vault Compensation Poll - April 06, 2020","Yes",""
"2020-04-11 06:12:07 009849268_078_000_1","VOTE","","16,763.92","0x9ab3ae47965ab3553075e8f86afc3fdfd705202f","",""
"2020-04-11 06:12:07 009849268_078_000_0","MOVE VOTE","","16,763.92","0x64976c5b5062c56d91dafe661cb85dcf7e349c9d","",""
"2020-04-09 16:00:00 009838958_000_000","FINAL_CHOICE","","16,763.92","Dai Stability Fee Adjustment - April 6, 2020","1",""
"2020-04-09 16:00:00 009838958_000_000","FINAL_CHOICE","","16,763.92","Add IRV Ranked Choice Voting to Governance Polls - April 6, 2020","Yes",""
"2020-04-09 16:00:00 009838958_000_000","FINAL_CHOICE","","16,763.92","USDC Stability Fee Adjustment - April 6, 2020","16",""
"2020-04-09 16:00:00 009838958_000_000","FINAL_CHOICE","","16,763.92","Sai Stability Fee Adjustment - April 6, 2020","8.5",""
"2020-04-06 19:35:33 009820409_010_000_0","VOTE","","16,763.92","0x64976c5b5062c56d91dafe661cb85dcf7e349c9d","",""
"2020-04-06 19:34:07 009820402_066_000_0","CHOOSE","","16,763.92","USDC Stability Fee Adjustment - April 6, 2020","16",""
"2020-04-06 19:33:02 009820397_111_000_0","CHOOSE","","16,763.92","Dai Stability Fee Adjustment - April 6, 2020","1",""
"2020-04-06 19:30:55 009820387_135_000_0","CHOOSE","","16,763.92","Sai Stability Fee Adjustment - April 6, 2020","8.5",""
"2020-04-06 19:29:13 009820380_091_000_0","CHOOSE","","16,763.92","Add IRV Ranked Choice Voting to Governance Polls - April 6, 2020","Yes",""
"2020-04-06 19:27:09 009820373_022_000_0","CHOOSE","","16,763.92","Vault Compensation Poll - April 06, 2020","Yes",""
"2020-04-06 16:31:00 009819598_000_000","FINAL_CHOICE","","16,763.92","Should we initiate the shutdown of the SCD system through an executive vote on April 24th, 2020?","Yes",""
"2020-04-02 16:00:00 009793481_000_000","FINAL_CHOICE","","16,763.92","USDC Stability Fee Adjustment - March 30, 2020","16",""
"2020-04-02 16:00:00 009793481_000_000","FINAL_CHOICE","","16,763.92","Dai Savings Rate Spread Adjustment - March 30, 2020","0.5",""
"2020-04-02 16:00:00 009793481_000_000","FINAL_CHOICE","","16,763.92","Dai Stability Fee Adjustment - March 30, 2020","0.5",""
"2020-04-02 16:00:00 009793481_000_000","FINAL_CHOICE","","16,763.92","Sai Stability Fee Adjustment - March 30, 2020","8",""
"2020-03-30 17:16:36 009774327_195_000_0","CHOOSE","","16,763.92","Dai Savings Rate Spread Adjustment - March 30, 2020","0.5",""
"2020-03-30 17:15:05 009774320_119_000_0","CHOOSE","","16,763.92","Sai Stability Fee Adjustment - March 30, 2020","8",""
"2020-03-30 17:13:16 009774313_163_000_0","CHOOSE","","16,763.92","Dai Stability Fee Adjustment - March 30, 2020","0.5",""
"2020-03-30 17:11:43 009774305_160_000_0","CHOOSE","","16,763.92","USDC Stability Fee Adjustment - March 30, 2020","16",""
"2020-03-30 17:10:36 009774300_027_000_0","CHOOSE","","16,763.92","Should we initiate the shutdown of the SCD system through an executive vote on April 24th, 2020?","Yes",""
"2020-03-26 16:00:00 009747944_000_000","FINAL_CHOICE","","16,763.92","USDC Stability Fee Adjustment - March 23, 2020","16",""
"2020-03-26 16:00:00 009747944_000_000","FINAL_CHOICE","","16,763.92","Debt Ceiling Adjustments - March 23, 2020","Yes",""
"2020-03-26 16:00:00 009747944_000_000","FINAL_CHOICE","","16,763.92","Dai Stability Fee Adjustment - March 23, 2020","0.5",""
"2020-03-26 16:00:00 009747944_000_000","FINAL_CHOICE","","16,763.92","Unblock the remaining Debt Auctions - March 23, 2020","Yes",""
"2020-03-24 19:54:23 009736063_080_000_0","CHOOSE","","16,763.92","USDC Stability Fee Adjustment - March 23, 2020","16",""
"2020-03-24 19:52:51 009736057_036_000_0","CHOOSE","","16,763.92","Dai Stability Fee Adjustment - March 23, 2020","0.5",""
"2020-03-24 19:51:36 009736052_023_000_0","CHOOSE","","16,763.92","Debt Ceiling Adjustments - March 23, 2020","Yes",""
"2020-03-24 19:50:18 009736046_051_000_0","CHOOSE","","16,763.92","Unblock the remaining Debt Auctions - March 23, 2020","Yes",""
"2020-03-24 19:48:32 009736035_021_001_0","STAKE","16,763.92","16,763.92","","",""
"2020-03-24 19:45:57 009736026_087_040","CREATE_PROXY","","0.00","","",""